Pair,Asset 1,Asset 2,Copula,Param 1,Param 2,Log-Likelihood,Num Params,AIC,BIC
AAPL_BTC-USD,AAPL,BTC-USD,Student-t,0.1299276087254046,2.1,423.0812160657606,2,-842.1624321315212,-831.093975478973
AAPL_ETH-USD,AAPL,ETH-USD,Student-t,0.1386438699829819,2.1,424.3736389761125,2,-844.747277952225,-833.6788212996768
AAPL_EURUSD=X,AAPL,EURUSD=X,Student-t,-0.3811544396495963,2.1,195.1562645981594,2,-386.3125291963188,-375.2440725437706
AAPL_GLD,AAPL,GLD,Student-t,-0.0843845350980702,2.1,392.4751582358922,2,-780.9503164717844,-769.8818598192362
AAPL_MSFT,AAPL,MSFT,Student-t,0.602536864198758,5.0,541.499215769094,2,-1078.998431538188,-1067.92997488564
AAPL_QQQ,AAPL,QQQ,Student-t,0.7355740907846043,5.0,846.2523341684637,2,-1688.5046683369274,-1677.4362116843793
AAPL_SPY,AAPL,SPY,Student-t,0.6571711409949081,5.0,647.3346618734458,2,-1290.6693237468917,-1279.6008670943436
AAPL_TLT,AAPL,TLT,Student-t,0.0706601187913146,2.1,398.0546221735021,2,-792.1092443470042,-781.040787694456
AAPL_USDJPY=X,AAPL,USDJPY=X,Student-t,-0.0767802483906424,2.1,396.2640228104965,2,-788.528045620993,-777.4595889684448
AAPL_USO,AAPL,USO,Student-t,0.1173231434126459,2.1,418.4456036255469,2,-832.8912072510938,-821.8227505985456
AAPL_VIXY,AAPL,VIXY,Student-t,-0.3909772899279202,5.0,274.2001080828095,2,-544.400216165619,-533.3317595130708
BTC-USD_ETH-USD,BTC-USD,ETH-USD,Student-t,0.7511378402795557,5.0,896.2460866928022,2,-1788.4921733856045,-1777.4237167330564
BTC-USD_EURUSD=X,BTC-USD,EURUSD=X,Student-t,0.0153171537699595,2.1,406.5719672900941,2,-809.1439345801882,-798.07547792764
BTC-USD_GLD,BTC-USD,GLD,Student-t,0.1051421941813663,2.1,417.5151228180512,2,-831.0302456361024,-819.9617889835542
BTC-USD_MSFT,BTC-USD,MSFT,Student-t,0.143401887581772,2.1,427.2062759195187,2,-850.4125518390374,-839.3440951864892
BTC-USD_QQQ,BTC-USD,QQQ,Student-t,0.1992271345296506,5.0,155.88922058527896,2,-307.7784411705579,-296.7099845180097
BTC-USD_SPY,BTC-USD,SPY,Student-t,0.1961906338336745,5.0,155.475500960747,2,-306.951001921494,-295.8825452689458
BTC-USD_TLT,BTC-USD,TLT,Student-t,0.0460482431654097,2.1,402.4382203696032,2,-800.8764407392064,-789.8079840866582
BTC-USD_USDJPY=X,BTC-USD,USDJPY=X,Student-t,0.156886226470549,2.1,376.3673661385874,2,-748.7347322771748,-737.6662756246266
BTC-USD_USO,BTC-USD,USO,Student-t,-0.3506067811079884,2.1,238.87443146932677,2,-473.74886293865353,-462.6804062861054
BTC-USD_VIXY,BTC-USD,VIXY,Student-t,-0.091606138583595,2.1,414.6989597693773,2,-825.3979195387546,-814.3294628862064
ETH-USD_EURUSD=X,ETH-USD,EURUSD=X,Student-t,-0.1064952114561472,2.1,393.22848674812303,2,-782.4569734962461,-771.3885168436979
ETH-USD_GLD,ETH-USD,GLD,Student-t,0.1205414231310658,2.1,419.8752991995871,2,-835.7505983991742,-824.682141746626
ETH-USD_MSFT,ETH-USD,MSFT,Student-t,0.1473672038719611,5.0,139.73799747049725,2,-275.4759949409945,-264.4075382884463
ETH-USD_QQQ,ETH-USD,QQQ,Student-t,0.207155483500576,5.0,158.33782856428297,2,-312.67565712856594,-301.60720047601774
ETH-USD_SPY,ETH-USD,SPY,Student-t,0.2096874955078493,5.0,160.12520307334216,2,-316.2504061466843,-305.1819494941361
ETH-USD_TLT,ETH-USD,TLT,Student-t,-0.1539034771807763,2.1,376.6997881780553,2,-749.3995763561106,-738.3311197035624
ETH-USD_USDJPY=X,ETH-USD,USDJPY=X,Student-t,0.0714963753354112,2.1,399.6293160500363,2,-795.2586321000726,-784.1901754475244
ETH-USD_USO,ETH-USD,USO,Student-t,-0.3157888187668984,2.1,276.9816881629504,2,-549.9633763259008,-538.8949196733525
ETH-USD_VIXY,ETH-USD,VIXY,Student-t,-0.1093508409929129,5.0,129.94471029873512,2,-255.88942059747023,-244.82096394492206
EURUSD=X_GLD,EURUSD=X,GLD,Student-t,0.2274102867442137,2.1,343.39017679845165,2,-682.7803535969033,-671.7118969443551
EURUSD=X_MSFT,EURUSD=X,MSFT,Student-t,0.0458607288860801,2.1,404.1082834162808,2,-804.2165668325616,-793.1481101800134
EURUSD=X_QQQ,EURUSD=X,QQQ,Student-t,0.0495764636358641,2.1,406.27856433083343,2,-808.5571286616669,-797.4886720091187
EURUSD=X_SPY,EURUSD=X,SPY,Student-t,-0.3606851201051925,2.1,226.5886424926084,2,-449.1772849852168,-438.1088283326686
EURUSD=X_TLT,EURUSD=X,TLT,Student-t,-0.2472333986831508,2.1,331.6162975582656,2,-659.2325951165312,-648.164138463983
EURUSD=X_USDJPY=X,EURUSD=X,USDJPY=X,Student-t,-0.2483902306711468,5.0,178.0154451471817,2,-352.0308902943634,-340.9624336418152
EURUSD=X_USO,EURUSD=X,USO,Student-t,0.0944682455354197,2.1,395.4209002498519,2,-786.8418004997038,-775.7733438471556
EURUSD=X_VIXY,EURUSD=X,VIXY,Student-t,-0.3826591851968789,2.1,203.07212660288317,2,-402.14425320576635,-391.0757965532182
GLD_MSFT,GLD,MSFT,Student-t,-0.288254415733772,2.1,282.0171491036908,2,-560.0342982073817,-548.9658415548334
GLD_QQQ,GLD,QQQ,Student-t,0.0922555889039587,2.1,412.2224205709699,2,-820.4448411419398,-809.3763844893916
GLD_SPY,GLD,SPY,Student-t,0.0940181995160575,2.1,413.5233461871094,2,-823.0466923742188,-811.9782357216706
GLD_TLT,GLD,TLT,Student-t,0.2518568373653362,5.0,178.58218497714006,2,-353.1643699542801,-342.0959133017319
GLD_USDJPY=X,GLD,USDJPY=X,Student-t,-0.0878218128978098,2.1,394.9680428713164,2,-785.9360857426328,-774.8676290900846
GLD_USO,GLD,USO,Student-t,0.0847004966587677,2.1,412.1492187110844,2,-820.2984374221688,-809.2299807696206
GLD_VIXY,GLD,VIXY,Student-t,0.1697090764899682,2.1,368.8248348019652,2,-733.6496696039304,-722.5812129513822
MSFT_QQQ,MSFT,QQQ,Student-t,0.7976818685508039,5.0,1064.1545342856143,2,-2124.3090685712286,-2113.2406119186803
MSFT_SPY,MSFT,SPY,Student-t,0.7237025378069613,5.0,812.6869616049353,2,-1621.3739232098706,-1610.3054665573225
MSFT_TLT,MSFT,TLT,Student-t,0.0887909032133279,2.1,395.4968384096419,2,-786.9936768192838,-775.9252201667356
MSFT_USDJPY=X,MSFT,USDJPY=X,Student-t,0.0808769906728978,2.1,398.160058927323,2,-792.320117854646,-781.2516612020978
MSFT_USO,MSFT,USO,Student-t,0.1171972655464597,5.0,131.90174377418407,2,-259.80348754836814,-248.73503089581996
MSFT_VIXY,MSFT,VIXY,Student-t,-0.4101251823776431,5.0,291.6366873701754,2,-579.2733747403508,-568.2049180878026
QQQ_SPY,QQQ,SPY,Student-t,0.8836639520934899,5.0,1536.9750681771147,2,-3069.9501363542295,-3058.881679701681
QQQ_TLT,QQQ,TLT,Student-t,0.1945918082926072,2.1,357.70859681760794,2,-711.4171936352159,-700.3487369826677
QQQ_USDJPY=X,QQQ,USDJPY=X,Student-t,0.0233033363481016,2.1,402.95098470821085,2,-801.9019694164217,-790.8335127638735
QQQ_USO,QQQ,USO,Student-t,0.171692138031026,5.0,145.06248974246046,2,-286.1249794849209,-275.0565228323727
QQQ_VIXY,QQQ,VIXY,Student-t,-0.4777346022705372,5.0,359.8120604255855,2,-715.624120851171,-704.5556641986228
SPY_TLT,SPY,TLT,Student-t,-0.0414923686797042,2.1,404.49678952715385,2,-804.9935790543077,-793.9251224017595
SPY_USDJPY=X,SPY,USDJPY=X,Student-t,0.0213072023229423,2.1,404.0553908505463,2,-804.1107817010926,-793.0423250485444
SPY_USO,SPY,USO,Student-t,0.2205603045315368,5.0,164.47970863816045,2,-324.9594172763209,-313.8909606237727
SPY_VIXY,SPY,VIXY,Student-t,-0.5259588310321583,5.0,421.1540510693176,2,-838.3081021386351,-827.2396454860869
TLT_USDJPY=X,TLT,USDJPY=X,Student-t,-0.2241925162964166,2.1,342.0815785508494,2,-680.1631571016987,-669.0947004491505
TLT_USO,TLT,USO,Student-t,-0.0921000677948512,5.0,124.74726643343456,2,-245.49453286686912,-234.42607621432094
TLT_VIXY,TLT,VIXY,Student-t,0.1325723023328767,5.0,133.76347289165642,2,-263.52694578331284,-252.45848913076466
USDJPY=X_USO,USDJPY=X,USO,Student-t,0.0455284699947588,2.1,402.4193582178159,2,-800.8387164356318,-789.7702597830836
USDJPY=X_VIXY,USDJPY=X,VIXY,Student-t,0.1613442085497813,2.1,373.1953813737491,2,-742.3907627474982,-731.32230609495
USO_VIXY,USO,VIXY,Student-t,-0.1603121612246872,5.0,142.81298403799428,2,-281.62596807598857,-270.55751142344036
