Date,ETH-USD,EURUSD=X
2017-11-10,0.009003939223410242,0.8441193021947102
2017-11-13,0.7630838491840181,0.6167698368036016
2017-11-14,0.9245920090039392,0.509848058525605
2017-11-15,0.3128868880135059,0.9859313449634215
2017-11-17,0.5306696679797411,0.33202025886325265
2017-11-20,0.806978052898143,0.11817670230725943
2017-11-21,0.2566122678671919,0.5683736634777715
2017-11-22,0.895329206527856,0.43669105233539673
2017-11-24,0.9938097917839055,0.7822172200337648
2017-11-27,0.6944288126055149,0.9161508159819921
2017-11-28,0.27687113111986494,0.28981429375351714
2017-11-29,0.47448209412218356,0.07597073719752392
2017-11-30,0.8615644344400676,0.5115362971299944
2017-12-01,0.8514350028137311,0.8232976927405741
2017-12-04,0.5920090039392234,0.16038266741699492
2017-12-05,0.28418683173888576,0.5509285312324141
2017-12-06,0.06446664658414238,0.18851997749015192
2017-12-07,0.642656162070906,0.23241418120427687
2017-12-08,0.8733821046707935,0.19977490151941474
2017-12-11,0.9949352841868317,0.45188519977490155
2017-12-12,1.0,0.5469893078221723
2017-12-13,0.947664603263928,0.18570624648283623
2017-12-14,0.33989870568373665,0.9589195272931909
2017-12-15,0.268992684299381,0.06359032076533484
2017-12-18,0.9752391671356219,0.20540236353404615
2017-12-19,0.839054586381542,0.7900956668542488
2017-12-20,0.3483398987056837,0.871131119864941
2017-12-21,0.5064715813168261,0.7692740574001126
2017-12-22,0.9205381526606087,0.29431626336522226
2017-12-26,0.6043894203714125,0.6353404614518852
2017-12-27,0.2926280247608329,0.3404614518851998
2017-12-28,0.12605514912774338,0.8024760832864378
2017-12-29,0.7208778840742825,0.7878446820483962
2018-01-02,0.9898705683736635,0.5391108610016883
2018-01-03,0.959482273494654,0.8463702870005628
2018-01-04,0.6921778277996624,0.09285312324141813
2018-01-05,0.6775464265616208,0.8722566122678672
2018-01-08,0.4192459200900394,0.21328081035453011
2018-01-09,0.9859313449634215,0.046707934721440636
2018-01-10,0.12718064153066966,0.14237478897017444
2018-01-11,0.19792329937650693,0.7011817670230727
2018-01-12,0.9735509285312325,0.943725379853686
2018-01-16,0.9300890844650601,0.9206527855936972
2018-01-17,0.10748452447945978,0.498030388294879
2018-01-18,0.7152504220596512,0.003376477208778841
2018-01-19,0.5104108047270681,0.8474957794034891
2018-01-22,0.07484524479459764,0.6460326392796849
2018-01-23,0.2594259988745076,0.48171074845244793
2018-01-24,0.939786156443444,0.8519977490151942
2018-01-25,0.44063027574563873,0.931344963421497
2018-01-26,0.4631401238041643,0.48564997186268993
2018-01-29,0.04895891952729319,0.7518289251547552
2018-01-30,0.4477292717754727,0.12605514912774338
2018-01-31,0.855374226223973,0.7056837366347778
2018-02-01,0.009550679863872778,0.5633089476646033
2018-02-02,0.6891465373539368,0.947664603263928
2018-02-05,0.8931766620456778,0.07034327518289252
2018-02-06,0.9881823297692741,0.024198086662915026
2018-02-07,0.0686550365785031,0.5993247045582443
2018-02-08,0.9499155880697806,0.5561141923509398
2018-02-09,0.9504783342712437,0.4085537422622397
2018-02-12,0.9251547552054024,0.4023635340461452
2018-02-13,0.172763083849184,0.8362408553742262
2018-02-14,0.9622960045019696,0.8328643781654474
2018-02-15,0.6499718626899269,0.9752391671356219
2018-02-16,0.5683736634777715,0.7540799099606078
2018-02-20,0.04727068092290378,0.3556555993247046
2018-02-21,0.051209904333145755,0.06527855936972426
2018-02-22,0.07653348339898706,0.09622960045019696
2018-02-23,0.9178390545863816,0.806978052898143
2018-02-26,0.7658975801913337,0.16207090602138435
2018-02-27,0.6027011817670231,0.7084974676420934
2018-02-28,0.17726505346088914,0.007315700619020821
2018-03-01,0.7000562746201463,0.16432189082723692
2018-03-02,0.25323579065841306,0.9296567248171075
2018-03-05,0.28024760832864376,0.8041643218908273
2018-03-06,0.07822172200337649,0.6617895329206528
2018-03-07,0.15522981578823994,0.9285312324141812
2018-03-08,0.021384355655599326,0.4575126617895329
2018-03-09,0.8047270680922904,0.47255854891105975
2018-03-12,0.13505908835115363,0.4912774338773213
2018-03-13,0.31063590320765333,0.7214406302757457
2018-03-14,0.6403026171107367,0.8424310635903208
2018-03-15,0.41024198086662916,0.32864378165447383
2018-03-16,0.2746201463140124,0.056274620146314014
2018-03-19,0.799099606077659,0.23972988182329769
2018-03-20,0.4879009566685425,0.8610016882386045
2018-03-21,0.5768148564997186,0.008441193021947103
2018-03-22,0.09566685424873382,0.9561057962858751
2018-03-23,0.47326955543050087,0.28812605514912776
2018-03-26,0.015756893640967926,0.7129994372537986
2018-03-27,0.21922402062397683,0.9628587507034327
2018-03-28,0.35790658413055715,0.11311198649409117
2018-03-29,0.7990591547915318,0.2543707329662432
2018-04-02,0.6859876195835678,0.58244231851435
2018-04-03,0.9482273494653911,0.2960045019696117
2018-04-04,0.33587071219729675,0.3483398987056837
2018-04-05,0.5616207090602139,0.554305008441193
2018-04-06,0.1277433877321328,0.1907709622960045
2018-04-09,0.4085537422622397,0.6539110861001688
2018-04-10,0.8317388857625211,0.8351153629713
2018-04-11,0.831176139561058,0.7805289814293753
2018-04-12,0.9904333145751266,0.5571187394485088
2018-04-13,0.469893078221722,0.14687675858187957
2018-04-16,0.10016882386043895,0.4991558806978053
2018-04-17,0.27011817670230726,0.8418683173888577
2018-04-18,0.8525604952166573,0.36522228474957796
2018-04-19,0.9521665728756331,0.5295441755768149
2018-04-20,0.9544175576814857,0.20090039392234102
2018-04-23,0.7951603826674171,0.03826674169949353
2018-04-24,0.9729881823297694,0.05852560495216658
2018-04-25,0.7786578174807999,0.7360720315137873
2018-04-26,0.9448508722566124,0.04333145751266179
2018-04-27,0.19977490151941474,0.06584130557118739
2018-04-30,0.16938660664040517,0.5998874507597074
2018-05-01,0.5436128306133934,0.1429375351716376
2018-05-02,0.7006190208216094,0.09399729037921362
2018-05-03,0.9870568373663479,0.14856499718626898
2018-05-04,0.5711873944850873,0.7765897580191334
2018-05-07,0.05458638154192459,0.19302194710185705
2018-05-08,0.4575126617895329,0.2903770399549803
2018-05-09,0.46482836240855374,0.04895891952729319
2018-05-10,0.13111986494091163,0.297129994372538
2018-05-11,0.015194147439504785,0.9105233539673607
2018-05-14,0.42037141249296567,0.7529544175576816
2018-05-15,0.15362971299943726,0.29487900956668545
2018-05-16,0.44119302194710186,0.573535800482123
2018-05-17,0.05514912774338773,0.43837929093978617
2018-05-18,0.7900956668542488,0.28756330894766463
2018-05-21,0.20990433314575127,0.2312886888013506
2018-05-22,0.030126721161312476,0.6983680360157569
2018-05-23,0.5151829196721567,0.4389420371412493
2018-05-24,0.7805289814293753,0.014068655036578503
2018-05-25,0.1851435002813731,0.5953854811480023
2018-05-29,0.9656724817107485,0.057962858750703436
2018-05-30,0.3337084974676421,0.13831344092187908
2018-05-31,0.7895329206527856,0.9870568373663479
2018-06-01,0.5289814293753518,0.6994935284186832
2018-06-04,0.088351153629713,0.2622397298818233
2018-06-05,0.7523916713562183,0.7394485087225662
2018-06-06,0.4276871131119865,0.6978052898142938
2018-06-07,0.4361283061339336,0.88351153629713
2018-06-08,0.38491840180078785,0.5717501406865504
2018-06-11,0.6342149690489589,0.36691052335396734
2018-06-12,0.007878446820483963,0.38097917839054585
2018-06-13,0.09904333145751266,0.24873382104670794
2018-06-14,0.9589195272931909,0.8840742824985932
2018-06-15,0.03826674169949353,0.9798752357450553
2018-06-18,0.8171074845244795,0.7259425998874508
2018-06-19,0.8159819921215532,0.7602701181767023
2018-06-20,0.43725379853685986,0.1333708497467642
2018-06-21,0.2639279684862127,0.3826674169949353
2018-06-22,0.6891516239721233,0.7079347214406303
2018-06-25,0.5469893078221723,0.8688801350590883
2018-06-26,0.03038829487900957,0.7945976364659538
2018-06-27,0.7186268992684299,0.08778840742824986
2018-06-28,0.06978052898142938,0.09911544516494869
2018-06-29,0.7906584130557119,0.4682048396173326
2018-07-02,0.8655036578503096,0.979741136747327
2018-07-03,0.20315137872819358,0.17051209904333145
2018-07-05,0.6567248171074845,0.5036578503095104
2018-07-06,0.4608891389983118,0.7507034327518289
2018-07-09,0.1823297692740574,0.8700056274620147
2018-07-10,0.3615770033611426,0.5199774901519415
2018-07-11,0.7563308947664603,0.21947101857062465
2018-07-12,0.11198649409116489,0.09791783905458638
2018-07-13,0.5891952729319078,0.3685987619583568
2018-07-16,0.9290939786156444,0.606640405177265
2018-07-17,0.8480585256049522,0.7298818232976928
2018-07-18,0.08891389983117615,0.07540799099606078
2018-07-19,0.208778840742825,0.40180078784468204
2018-07-20,0.09172763083849185,0.570061902082161
2018-07-23,0.23804164321890828,0.9487900956668542
2018-07-24,0.9184018007878447,0.10804727068092292
2018-07-25,0.28812605514912776,0.39223410241980866
2018-07-26,0.24929656724817106,0.8548114800225098
2018-07-27,0.6246482836240855,0.312637116213113
2018-07-30,0.2284749577940349,0.6449071468767587
2018-07-31,0.05008441193021947,0.8306133933595948
2018-08-01,0.1474395047833427,0.3134496342149691
2018-08-02,0.23747889701744512,0.2723691615081598
2018-08-03,0.6437816544738323,0.010692177827799663
2018-08-06,0.34721440630275746,0.26955543050084413
2018-08-07,0.018007878446820485,0.43050084411930223
2018-08-08,0.025886325267304448,0.8216094541361846
2018-08-09,0.7400112549240293,0.5531795160382668
2018-08-10,0.3124903785092739,0.11648958169690232
2018-08-13,0.5677073656549382,0.7880352524597531
2018-08-14,0.17670230725942598,0.5554305008441193
2018-08-15,0.6285875070343275,0.07090602138435566
2018-08-16,0.7011817670230727,0.4597636465953855
2018-08-17,0.9662352279122116,0.7141249296567248
2018-08-20,0.35291343972715833,0.9077096229600451
2018-08-21,0.7557681485649972,0.8660664040517727
2018-08-22,0.10692177827799663,0.9482273494653911
2018-08-23,0.7118739448508723,0.558244231851435
2018-08-24,0.7101857062464828,0.13562183455261675
2018-08-27,0.8221722003376477,0.9746764209341587
2018-08-28,0.8238604389420372,0.7585818795723129
2018-08-29,0.19471018570624649,0.5492402926280248
2018-08-30,0.24873382104670794,0.65053460889139
2018-08-31,0.42431063590320767,0.11986494091164886
2018-09-04,0.31570061902082164,0.6195835678109173
2018-09-05,0.9334529398523508,0.22509848058525606
2018-09-06,0.35115362971299946,0.8379290939786157
2018-09-07,0.03714124929656725,0.33258300506471583
2018-09-10,0.48733821046707937,0.06752954417557681
2018-09-11,0.028137310073157007,0.7630838491840181
2018-09-12,0.3477771525042206,0.47608328643781656
2018-09-13,0.9926842993809792,0.7501406865503658
2018-09-14,0.5002813731007316,0.8919527293190771
2018-09-17,0.5618238213033471,0.05571187394485087
2018-09-18,0.9105233539673607,0.7884074282498593
2018-09-19,0.47608328643781656,0.5818795723128869
2018-09-20,0.931344963421497,0.42431063590320767
2018-09-21,0.9690489589195274,0.967923466516601
2018-09-24,0.021947101857062466,0.25886325267304444
2018-09-25,0.07203151378728194,0.49015194147439506
2018-09-26,0.3185143500281373,0.5773776027011818
2018-09-27,0.9037703995498031,0.3393359594822735
2018-09-28,0.17501406865503658,0.6072710681971569
2018-10-01,0.3522791221159257,0.19808666291502533
2018-10-02,0.2763083849184018,0.23410241980866628
2018-10-03,0.15531795160382666,0.24592009003939222
2018-10-04,0.5717501406865504,0.019133370849746766
2018-10-05,0.7343837929093979,0.8047270680922904
2018-10-08,0.6454698930782218,0.5194147439504784
2018-10-09,0.4012380416432189,0.22678671918964546
2018-10-10,0.3415869442881261,0.6043894203714125
2018-10-11,0.8857555575512417,0.7051209904333146
2018-10-12,0.8232976927405741,0.8773213280810355
2018-10-15,0.935284186831739,0.14912774338773213
2018-10-16,0.5025323579065841,0.7428249859313449
2018-10-17,0.2864378165447383,0.39504783342712435
2018-10-18,0.24817107484524478,0.021947101857062466
2018-10-19,0.49971862689926844,0.1361845807540799
2018-10-22,0.4034890264490715,0.8458075407990996
2018-10-23,0.4924029262802476,0.13449634214969047
2018-10-24,0.44400675295441755,0.526167698368036
2018-10-25,0.4006752954417558,0.021384355655599326
2018-10-26,0.5149127743387732,0.2864378165447383
2018-10-29,0.09510410804727068,0.6736072031513788
2018-10-30,0.4946539110861002,0.2779966235227912
2018-10-31,0.4603263927968486,0.20990433314575127
2018-11-01,0.566122678671919,0.21102982554867755
2018-11-02,0.58244231851435,0.9544175576814857
2018-11-05,0.5694991558806978,0.4209341586944288
2018-11-06,0.8581879572312887,0.6314012380416433
2018-11-07,0.39617332583005066,0.7006190208216094
2018-11-08,0.2076533483398987,0.4288126055149128
2018-11-09,0.3348339898705684,0.04276871131119865
2018-11-12,0.4147439504783343,0.12211592571750142
2018-11-13,0.2583005064715813,0.32161910567420093
2018-11-14,0.7326037402778707,0.9392234102419809
2018-11-15,0.43444006752954417,0.48002250984805855
2018-11-16,0.14181204276871132,0.6088913899831176
2018-11-19,0.8778326935251379,0.9572312886888014
2018-11-20,0.7528854966116056,0.8002250984805853
2018-11-21,0.871131119864941,0.0023670022586114777
2018-11-23,0.1738885762521103,0.626336522228475
2018-11-26,0.005064715813168261,0.04220596510973551
2018-11-27,0.6601012943162634,0.4350028137310073
2018-11-28,0.9786156443444007,0.17670230725942598
2018-11-29,0.09229037703995499,0.919527293190771
2018-11-30,0.10917276308384918,0.6961170512099043
2018-12-03,0.020821609454136185,0.09060213843556557
2018-12-04,0.6201463140123804,0.6027011817670231
2018-12-06,0.5792143941631316,0.5368598761958356
2018-12-07,0.6719189645469893,0.702870005627462
2018-12-10,0.11423747889701745,0.706809229037704
2018-12-11,0.1502532357906584,0.11705120990433315
2018-12-12,0.6888013505908835,0.1879572312886888
2018-12-13,0.0714687675858188,0.8542487338210467
2018-12-14,0.18064153066966798,0.37760270118176703
2018-12-17,0.9814293753517164,0.06696679797411367
2018-12-18,0.9167135621834553,0.8204839617332583
2018-12-19,0.49409116488463706,0.7017445132245358
2018-12-20,0.9909960607765897,0.6190208216094542
2018-12-21,0.03432751828925155,0.9093978615644345
2018-12-24,0.9375351716375915,0.05766696938513033
2018-12-26,0.6612267867191897,0.5914462577377603
2018-12-27,0.683306287392135,0.07822172200337649
2018-12-28,0.9966235227912212,0.9178390545863816
2018-12-31,0.06415306696679798,0.5672481710748453
2019-01-02,0.9712999437253799,0.1992121553179516
2019-01-03,0.10410804727068093,0.8601971957180271
2019-01-04,0.8154192459200901,0.9268429938097918
2019-01-07,0.10185706246482837,0.6589758019133372
2019-01-08,0.353404614518852,0.9138998311761396
2019-01-09,0.5132245357343838,0.2678671918964547
2019-01-10,0.8464794294850059,0.9656724817107485
2019-01-11,0.3624085537422622,0.1176139561057963
2019-01-14,0.975801913337085,0.09510410804727068
2019-01-15,0.039392234102419814,0.6032639279684863
2019-01-16,0.6297129994372538,0.07315700619020822
2019-01-17,0.4952166572875633,0.3044456949915588
2019-01-18,0.21384355655599324,0.4220596510973551
2019-01-22,0.6415306696679798,0.5109735509285313
2019-01-23,0.32920652785593696,0.42318514350028136
2019-01-24,0.46539110861001687,0.6955543050084412
2019-01-25,0.3618458075407991,0.017445132245357344
2019-01-28,0.02982554867754643,0.9690489589195274
2019-01-29,0.34946539110861,0.642656162070906
2019-01-30,0.7810917276308386,0.5267304445694991
2019-01-31,0.25998874507597075,0.8615644344400676
2019-02-01,0.5407990996060776,0.1530669667979741
2019-02-04,0.5154755205402364,0.5323579065841306
2019-02-05,0.4288126055149128,0.3027574563871694
2019-02-06,0.20258863252673043,0.24029262802476084
2019-02-07,0.42712436691052336,0.11930219471018572
2019-02-08,0.9893078221722004,0.23466516601012943
2019-02-11,0.1671356218345526,0.3365222284749578
2019-02-12,0.6055149127743388,0.11198649409116489
2019-02-13,0.473832301631964,0.8761958356781092
2019-02-14,0.34440067529544177,0.03095104108047271
2019-02-15,0.5486775464265616,0.7383230163196398
2019-02-19,0.4068655036578503,0.6178953292065279
2019-02-20,0.7653348339898706,0.7400112549240293
2019-02-21,0.20709060213843555,0.5070343275182893
2019-02-22,0.7034327518289252,0.4428812605514913
2019-02-25,0.7687113111986494,0.4670793472144063
2019-02-26,0.31513787281935846,0.7000562746201463
2019-02-27,0.2920652785593697,0.7023072594259989
2019-02-28,0.5334833989870569,0.35002813731007315
2019-03-01,0.44513224535734386,0.40967923466516604
2019-03-04,0.12661789532920653,0.4952166572875633
2019-03-05,0.9471018570624649,0.1474395047833427
2019-03-06,0.5599324704558244,0.2037141249296567
2019-03-07,0.40180078784468204,0.5436128306133934
2019-03-08,0.22059651097355093,0.7027493553569998
2019-03-11,0.2177827799662352,0.7664603263927968
2019-03-12,0.5323579065841306,0.7135621834552617
2019-03-13,0.35396736072031515,0.7220033764772088
2019-03-14,0.5199774901519415,0.818795723128869
2019-03-15,0.7749015194147439,0.27574563871693863
2019-03-18,0.41418120427687116,0.590320765334834
2019-03-19,0.5773776027011818,0.6404051772650535
2019-03-20,0.4907146876758582,0.6572875633089477
2019-03-21,0.1615081598199212,0.9262802476083287
2019-03-22,0.5278559369724255,0.0827236916150816
2019-03-25,0.28981429375351714,0.005627462014631401
2019-03-26,0.5166010129431626,0.666854248733821
2019-03-27,0.8396173325830051,0.13393359594822735
2019-03-28,0.32583005064715814,0.268992684299381
2019-03-29,0.7180641530669668,0.28024760832864376
2019-04-01,0.5053460889138999,0.41586944288126054
2019-04-02,0.9932470455824424,0.3066966797974114
2019-04-03,0.27743387732132807,0.4558244231851435
2019-04-04,0.22003376477208778,0.8176702307259426
2019-04-05,0.8660664040517727,0.28700056274620145
2019-04-08,0.7934721440630276,0.413618458075408
2019-04-09,0.20596510973550927,0.7794034890264491
2019-04-10,0.5593697242543613,0.5830050647158131
2019-04-11,0.011817670230725944,0.5734383792909398
2019-04-12,0.4119302194710186,0.32301631963984245
2019-04-15,0.10861001688238604,0.8249859313449635
2019-04-16,0.8193584693303321,0.47214406302757456
2019-04-17,0.4209341586944288,0.2926280247608329
2019-04-18,0.8424310635903208,0.5959482273494654
2019-04-22,0.6083286437816545,0.5666854248733821
2019-04-23,0.4428812605514913,0.6246482836240855
2019-04-24,0.13393359594822735,0.17332583005064717
2019-04-25,0.007315700619020821,0.02644907146876759
2019-04-26,0.626336522228475,0.31513787281935846
2019-04-29,0.30388294879009564,0.6150815981992122
2019-04-30,0.859313449634215,0.7720877884074283
2019-05-01,0.36409679234665165,0.7405740011254924
2019-05-02,0.5751266178953293,0.3269555430500844
2019-05-03,0.8120427687113112,0.2301631963984243
2019-05-06,0.8958919527293191,0.6010129431626337
2019-05-07,0.2644907146876759,0.6398424310635903
2019-05-08,0.5588069780528981,0.3663477771525042
2019-05-09,0.4254361283061339,0.5481148002250985
2019-05-10,0.6730444569499157,0.6944288126055149
2019-05-13,0.8767585818795723,0.6240855374226224
2019-05-14,0.9746764209341587,0.4355655599324705
2019-05-15,0.9887450759707372,0.22397298818232977
2019-05-16,0.9285312324141812,0.49971862689926844
2019-05-17,0.11112772011745083,0.18007878446820483
2019-05-20,0.11648846370287001,0.39167135621834553
2019-05-21,0.6398424310635903,0.505908835115363
2019-05-23,0.5413618458075408,0.3460889138998312
2019-05-24,0.6471581316826112,0.7304445694991559
2019-05-28,0.421496904895892,0.32245357343837927
2019-05-29,0.3584693303320203,0.26674169949352844
2019-05-30,0.051772650534608895,0.1823297692740574
2019-05-31,0.8694428812605515,0.41418120427687116
2019-06-03,0.016882386043894203,0.8182329769274058
2019-06-04,0.07259425998874508,0.927405740011255
2019-06-05,0.7276308384918402,0.5559932470455825
2019-06-06,0.5993247045582443,0.24760832864378166
2019-06-07,0.5481148002250985,0.8401800787844682
2019-06-10,0.9138998311761396,0.8193584693303321
2019-06-11,0.38154192459200903,0.4535734383792909
2019-06-12,0.9122115925717502,0.5908835115362971
2019-06-13,0.24648283624085537,0.1812042768711311
2019-06-14,0.7799662352279122,0.33033202025886327
2019-06-17,0.6938660664040518,0.04445694991558807
2019-06-18,0.12549240292628025,0.5526167698368036
2019-06-19,0.6691052335396737,0.23635340461451884
2019-06-20,0.5779403489026449,0.7996623522791222
2019-06-21,0.9549803038829489,0.8846370287000563
2019-06-24,0.5796285875070344,0.9583567810917276
2019-06-25,0.7377602701181767,0.6330894766460327
2019-06-26,0.90320765334834,0.20596510973550927
2019-06-27,0.7522680385725161,0.522228474957794
2019-06-28,0.9003939223410242,0.45807540799099605
2019-07-01,0.6004501969611705,0.39561057962858753
2019-07-02,0.3832301631963984,0.012380416432189083
2019-07-03,0.8328643781654474,0.5312324141812043
2019-07-05,0.6257737760270118,0.449634214969049
2019-07-08,0.7366347777152504,0.061902082160945414
2019-07-09,0.297129994372538,0.36072031513787284
2019-07-10,0.027574563871693866,0.3972988182329769
2019-07-11,0.024980913671994658,0.859313449634215
2019-07-12,0.7602701181767023,0.4119302194710186
2019-07-15,0.5976364659538548,0.6657287563308948
2019-07-16,0.789459493607432,0.37141249296567247
2019-07-17,0.9133370849746765,0.09341586944288127
2019-07-18,0.9347214406302757,0.6477208778840743
2019-07-19,0.20540236353404615,0.7467642093415869
2019-07-22,0.11705120990433315,0.120427687113112
2019-07-23,0.21271806415306696,0.353404614518852
2019-07-24,0.7045582442318514,0.07259425998874508
2019-07-25,0.6212718064153067,0.38491840180078785
2019-07-26,0.477771525042206,0.5120990433314575
2019-07-29,0.48171074845244793,0.3382104670793472
2019-07-30,0.42824985931344967,0.5880697805289814
2019-07-31,0.827236916150816,0.6302757456387169
2019-08-01,0.4248733821046708,0.20835290433801665
2019-08-02,0.4811480022509848,0.5464265616207091
2019-08-05,0.8823860438942037,0.7343837929093979
2019-08-06,0.11873944850872258,0.9904333145751266
2019-08-07,0.4963421496904896,0.15644344400675295
2019-08-08,0.1963984243106359,0.4468204839617333
2019-08-09,0.06302757456387169,0.31176139561057964
2019-08-12,0.21215531795160383,0.678671918964547
2019-08-13,0.31626336522228476,0.578503095104108
2019-08-14,0.5932742140171907,0.1305571187394485
2019-08-15,0.6015756893640968,0.17782779966235226
2019-08-16,0.26955543050084413,0.20427687113111986
2019-08-19,0.8559369724254362,0.29093978615644345
2019-08-20,0.1373100731570062,0.3657850309510411
2019-08-21,0.05346088913899832,0.6280247608328644
2019-08-22,0.7304445694991559,0.40574001125492404
2019-08-23,0.6831738885762522,0.4068655036578503
2019-08-26,0.6128306133933596,0.8908272369161508
2019-08-27,0.37478897017445134,0.1389983117613956
2019-08-28,0.0030685347233592665,0.3415869442881261
2019-08-29,0.18458075407990995,0.42993809791783905
2019-08-30,0.41980866629150254,0.2509848058525605
2019-09-03,0.554305008441193,0.2577377602701182
2019-09-04,0.236916150815982,0.537985368598762
2019-09-05,0.3365222284749578,0.8964546989307822
2019-09-06,0.19133370849746764,0.4879009566685425
2019-09-09,0.45807540799099605,0.3207653348339899
2019-09-10,0.3725379853685988,0.7231288688801351
2019-09-11,0.39561057962858753,0.4924029262802476
2019-09-12,0.6336522228474958,0.1513787281935847
2019-09-13,0.4845244794597637,0.8334271243669106
2019-09-16,0.8261114237478897,0.7034327518289252
2019-09-17,0.9020821609454136,0.004501969611705121
2019-09-18,0.6404051772650535,0.9212155317951605
2019-09-19,0.8638154192459201,0.11592571750140687
2019-09-20,0.28531232414181207,0.646595385481148
2019-09-23,0.06809229037703995,0.204839617332583
2019-09-24,0.9010404756628971,0.24085537422622397
2019-09-25,0.670793472144063,0.6921778277996624
2019-09-26,0.19189645469893077,0.039954980303882955
2019-09-27,0.8688801350590883,0.19752391671356218
2019-09-30,0.8908272369161508,0.6724817107484524
2019-10-01,0.2954417557681486,0.11423747889701745
2019-10-02,0.6933033202025887,0.7777152504220597
2019-10-03,0.14518851997749013,0.7338210467079348
2019-10-04,0.6021384355655599,0.5948227349465391
2019-10-07,0.8643781654473832,0.5925717501406865
2019-10-08,0.5346088913899831,0.3314575126617895
2019-10-09,0.9144625773776027,0.35284186831738884
2019-10-10,0.36072031513787284,0.7253798536859877
2019-10-11,0.062464828362408555,0.6933033202025887
2019-10-14,0.7484524479459764,0.6634777715250422
2019-10-15,0.15194147439504782,0.46482836240855374
2019-10-16,0.1513787281935847,0.5346088913899831
2019-10-17,0.6162070906021384,0.8064153066966798
2019-10-18,0.1879572312886888,0.8666291502532358
2019-10-21,0.4293753517163759,0.7281935846933033
2019-10-22,0.28137310073157007,0.43387732132808104
2019-10-23,0.03545301069217783,0.2751828925154755
2019-10-24,0.4530106921778278,0.5053460889138999
2019-10-25,0.9825548677546427,0.21722003376477209
2019-10-28,0.35678109172763084,0.2915025323579066
2019-10-29,0.8452447945976365,0.6308384918401801
2019-10-30,0.1530669667979741,0.6370287000562747
2019-10-31,0.42318514350028136,0.7979741136747327
2019-11-01,0.4766460326392797,0.4985931344963422
2019-11-04,0.7141249296567248,0.5745638716938661
2019-11-05,0.662915025323579,0.144625773776027
2019-11-06,0.6240855374226224,0.07371975239167136
2019-11-07,0.23916713562183456,0.4361283061339336
2019-11-08,0.23241418120427687,0.08610016882386044
2019-11-11,0.22115925717501406,0.5014068655036579
2019-11-12,0.5644344400675295,0.6122678671918965
2019-11-13,0.5666854248733821,0.2639279684862127
2019-11-14,0.31907709622960045,0.4839617332583005
2019-11-15,0.15588069780528982,0.550365785030951
2019-11-18,0.18908272369161508,0.7743387732132808
2019-11-19,0.25717501406865506,0.6494091164884637
2019-11-20,0.3393359594822735,0.5565559932470456
2019-11-21,0.21309812910321857,0.4625773776027012
2019-11-22,0.0061902082160945416,0.345526167698368
2019-11-25,0.7428249859313449,0.11536297129994373
2019-11-26,0.6758581879572313,0.3911086100168824
2019-11-27,0.7501406865503658,0.5644344400675295
2019-11-29,0.727068092290377,0.5441755768148565
2019-12-02,0.2960045019696117,0.5498030388294879
2019-12-03,0.3770399549803039,0.8942037141249297
2019-12-04,0.3663477771525042,0.5396736072031514
2019-12-05,0.6764209341586944,0.4485087225661227
2019-12-06,0.4704558244231852,0.6859876195835678
2019-12-09,0.23072594259988746,0.10073157006190209
2019-12-10,0.3061339335959482,0.5385481148002251
2019-12-11,0.24592009003939222,0.7225661226786719
2019-12-12,0.6460326392796849,0.8210467079347215
2019-12-13,0.4124929656724817,0.8581879572312887
2019-12-16,0.012380416432189083,0.04952166572875633
2019-12-17,0.24266002056776909,0.6055149127743388
2019-12-18,0.955543050084412,0.6257737760270118
2019-12-19,0.16319639842431063,0.16657287563308948
2019-12-20,0.4485087225661227,0.5807540799099606
2019-12-23,0.16263365222284748,0.10410804727068093
2019-12-24,0.5216657287563309,0.6207090602138435
2019-12-26,0.46595385481148005,0.5278559369724255
2019-12-27,0.558244231851435,0.53404614518852
2019-12-30,0.2751828925154755,0.9471018570624649
2019-12-31,0.20821609454136183,0.6696679797411368
2020-01-02,0.17895329206527855,0.47552054023635343
2020-01-03,0.8863252673044457,0.09172763083849185
2020-01-06,0.9043331457512662,0.3798536859876196
2020-01-07,0.4051772650534609,0.7771525042205966
2020-01-08,0.2734946539110861,0.11873944850872258
2020-01-09,0.2706809229037704,0.1277433877321328
2020-01-10,0.810917276308385,0.45132245357343836
2020-01-13,0.3235790658413056,0.5317951603826674
2020-01-14,0.9921215531795161,0.6623522791221159
2020-01-15,0.4974676420934159,0.4259988745075971
2020-01-16,0.3269555430500844,0.691052335396736
2020-01-17,0.8289251547552055,0.3337084974676421
2020-01-21,0.6589758019133372,0.4946539110861002
2020-01-22,0.3646595385481148,0.35959482273494653
2020-01-23,0.1389983117613956,0.5875070343275183
2020-01-24,0.48677546426561624,0.1288688801350591
2020-01-27,0.6752954417557682,0.20146314012380417
2020-01-28,0.7867191896454699,0.42037141249296567
2020-01-29,0.3742262239729882,0.501969611705121
2020-01-30,0.8925154755205402,0.41980866629150254
2020-01-31,0.19020821609454136,0.6038266741699494
2020-02-03,0.5565559932470456,0.8958919527293191
2020-02-04,0.4350028137310073,0.23185143500281372
2020-02-05,0.9487900956668542,0.32189082723691614
2020-02-06,0.8345526167698368,0.10748452447945978
2020-02-07,0.8716938660664041,0.29375351716375914
2020-02-10,0.21328081035453011,0.17445132245357342
2020-02-11,0.8930782217220035,0.15531795160382666
2020-02-12,0.9848058525604952,0.5374226223972989
2020-02-13,0.6010129431626337,0.11367473269555431
2020-02-14,0.9082723691615082,0.19696117051209905
2020-02-18,0.9026449071468768,0.45863815419245924
2020-02-19,0.1595679698307228,0.10467079347214407
2020-02-20,0.38210467079347216,0.6325267304445695
2020-02-21,0.7732132808103546,0.2706809229037704
2020-02-24,0.14124929656724816,0.8677546426561621
2020-02-25,0.014068655036578503,0.5841305571187395
2020-02-26,0.37315893512780424,0.7642093415869443
2020-02-27,0.5362971299943725,0.5160382667416995
2020-02-28,0.4772087788407428,0.9825548677546427
2020-03-02,0.8851997749015195,0.875070343275183
2020-03-03,0.17613956105796286,0.963421496904896
2020-03-04,0.47945976364659537,0.7799662352279122
2020-03-05,0.7096229600450197,0.12830613393359594
2020-03-06,0.9150253235790659,0.9527293190770962
2020-03-09,0.5548677546426561,0.9954980303882949
2020-03-10,0.3939223410241981,0.5936972425436129
2020-03-11,0.15644344400675295,0.0011254924029262803
2020-03-12,0.9985583030199119,0.0742824985931345
2020-03-13,0.9977490151941475,0.013505908835115365
2020-03-16,0.6888138903662098,0.208778840742825
2020-03-17,0.7765897580191334,0.5588069780528981
2020-03-18,0.5723128868880135,0.8863861016382848
2020-03-19,0.9983117613956106,0.07203151378728194
2020-03-20,0.1654473832301632,0.994458218470422
2020-03-23,0.963421496904896,0.7906584130557119
2020-03-24,0.7625211029825549,0.9307822172200338
2020-03-25,0.24366910523353968,0.7934721440630276
2020-03-26,0.6634777715250422,0.959482273494654
2020-03-27,0.13843556555993247,0.996060776589758
2020-03-30,0.9015194147439505,0.9611705120990434
2020-03-31,0.541924592009004,0.6473708532738902
2020-04-01,0.6578503095104108,0.43444006752954417
2020-04-02,0.8649409116488463,0.014631401238041644
2020-04-03,0.48283624085537424,0.6403613106394102
2020-04-06,0.9954980303882949,0.12718064153066966
2020-04-07,0.1992121553179516,0.4434440067529544
2020-04-08,0.8610016882386045,0.9639842431063591
2020-04-09,0.33033202025886327,0.1896454698930782
2020-04-13,0.14800225098480585,0.5289814293753518
2020-04-14,0.5790658413055711,0.37535171637591447
2020-04-15,0.16994935284186832,0.9037703995498031
2020-04-16,0.983680360157569,0.046121454932291084
2020-04-17,0.4389420371412493,0.09848058525604952
2020-04-20,0.04783342712436691,0.5678109172763084
2020-04-21,0.5087225661226786,0.4490714687675858
2020-04-22,0.8981429375351717,0.3882948790095667
2020-04-23,0.6392796848621272,0.0967923466516601
2020-04-24,0.7248171074845245,0.17839054586381542
2020-04-27,0.4682048396173326,0.8480585256049522
2020-04-28,0.5514912774338774,0.48677546426561624
2020-04-29,0.9628587507034327,0.5976364659538548
2020-04-30,0.07765897580191335,0.8126055149127743
2020-05-01,0.7872819358469331,0.9223410241980867
2020-05-04,0.3095104108047271,0.6252110298255487
2020-05-05,0.38604389420371416,0.06921778277996624
2020-05-06,0.3072594259988745,0.03432751828925155
2020-05-07,0.8379290939786157,0.12943162633652222
2020-05-08,0.5182892515475521,0.7985368598761958
2020-05-11,0.2903770399549803,0.49577940348902644
2020-05-12,0.6882386043894204,0.1952729319077096
2020-05-13,0.88351153629713,0.7895329206527856
2020-05-14,0.6916150815981993,0.2549240292628025
2020-05-15,0.11592571750140687,0.31063590320765333
2020-05-18,0.8097917839054587,0.6291502532357907
2020-05-19,0.4079909960607766,0.9667979741136747
2020-05-20,0.27574563871693863,0.6094541361845808
2020-05-21,0.056274620146314014,0.8823860438942037
2020-05-22,0.814856499718627,0.19864940911648846
2020-05-26,0.2622397298818233,0.4248733821046708
2020-05-27,0.803038829487901,0.9454136184580755
2020-05-28,0.8840742824985932,0.7760270118176703
2020-05-29,0.5256049521665729,0.9015194147439505
2020-06-01,0.9307822172200338,0.7957231288688802
2020-06-02,0.09454136184580754,0.5514912774338774
2020-06-03,0.7703995498030388,0.90320765334834
2020-06-04,0.4890264490714688,0.8356781091727631
2020-06-05,0.30838491840180077,0.9724254361283061
2020-06-08,0.5351716375914463,0.3061339335959482
2020-06-09,0.3984243106359032,0.3410241980866629
2020-06-10,0.6032639279684863,0.7096229600450197
2020-06-11,0.022509848058525607,0.7568936409679234
2020-06-12,0.7394485087225662,0.012943162633652224
2020-06-15,0.24985931344963422,0.16319639842431063
2020-06-16,0.6983680360157569,0.9532920652785594
2020-06-17,0.39504783342712435,0.024760832864378166
2020-06-18,0.4220596510973551,0.2734946539110861
2020-06-19,0.21834552616769837,0.1935846933033202
2020-06-22,0.9054586381541925,0.18289251547552055
2020-06-23,0.5571187394485088,0.9741136747326956
2020-06-24,0.12211592571750142,0.7523916713562183
2020-06-25,0.3196398424310636,0.051209904333145755
2020-06-26,0.2965672481710748,0.2160945413618458
2020-06-29,0.6325267304445695,0.5126617895329206
2020-06-30,0.3657850309510411,0.6781091727630839
2020-07-01,0.7113111986494092,0.3618458075407991
2020-07-02,0.37535171637591447,0.6336522228474958
2020-07-06,0.9093978615644345,0.5723128868880135
2020-07-07,0.33708497467642096,0.9082723691615082
2020-07-08,0.7855936972425437,0.15250422059651098
2020-07-09,0.2830613393359595,0.9020821609454136
2020-07-10,0.3629712999437254,0.08722566122678672
2020-07-13,0.3314575126617895,0.682611142374789
2020-07-14,0.5075970737197524,0.7726505346088914
2020-07-15,0.3759144625773776,0.9043331457512662
2020-07-16,0.23185143500281372,0.5407990996060776
2020-07-17,0.42656162070906023,0.24929656724817106
2020-07-20,0.3410241980866629,0.855374226223973
2020-07-21,0.8204839617332583,0.6342149690489589
2020-07-22,0.9335959482273495,0.9324704558244232
2020-07-23,0.8666291502532358,0.7619583567810918
2020-07-24,0.6685424873382105,0.7113111986494092
2020-07-27,0.8249859313449635,0.8728193584693303
2020-07-28,0.2785593697242544,0.9803038829487901
2020-07-29,0.5374226223972989,0.09735509285312324
2020-07-30,0.8812605514912775,0.8947664603263928
2020-07-31,0.7929093978615644,0.9521665728756331
2020-08-03,0.8458075407990996,0.153749130871413
2020-08-04,0.590320765334834,0.3072594259988745
2020-08-05,0.7760270118176703,0.8531232414181205
2020-08-06,0.26561620709060213,0.8716938660664041
2020-08-07,0.09848058525604952,0.5081598199212155
2020-08-10,0.6252110298255487,0.2633070706281737
2020-08-11,0.0967923466516601,0.12267867191896456
2020-08-12,0.7591446257737761,0.46201463140123805
2020-08-13,0.9673607203151379,0.8733821046707935
2020-08-14,0.7017445132245358,0.6792346651660102
2020-08-17,0.3404614518851998,0.7670230725942601
2020-08-18,0.29938097917839057,0.6854248733821047
2020-08-19,0.09003939223410243,0.9127743387732133
2020-08-20,0.7355092853123242,0.47963757047191424
2020-08-21,0.014631401238041644,0.727068092290377
2020-08-24,0.8491840180078785,0.023072594259988748
2020-08-25,0.031513787281935844,0.44231851435002817
2020-08-26,0.5537422622397299,0.7867191896454699
2020-08-27,0.33877321328081034,0.5486775464265616
2020-08-28,0.8052898142937536,0.2791221159257175
2020-08-31,0.6617895329206528,0.9622960045019696
2020-09-01,0.967923466516601,0.6651660101294317
2020-09-02,0.13345121721188655,0.3308947664603264
2020-09-03,0.7364363123187356,0.02363534046145189
2020-09-04,0.5576814856499719,0.40461451885199773
2020-09-08,0.07934721440630277,0.3545301069217783
2020-09-09,0.8362408553742262,0.09454136184580754
2020-09-10,0.8705683736634778,0.7681485649971863
2020-09-11,0.6854248733821047,0.6454698930782218
2020-09-14,0.7889701744513224,0.6482836240855374
2020-09-15,0.1322453573438379,0.7062464828362409
2020-09-16,0.509848058525605,0.2515475520540236
2020-09-17,0.919527293190771,0.14124929656724816
2020-09-18,0.3202025886325267,0.8154192459200901
2020-09-21,0.164389751812997,0.4473832301631964
2020-09-22,0.5728756330894766,0.018570624648283626
2020-09-23,0.008441193021947103,0.06809229037703995
2020-09-24,0.9583567810917276,0.09904333145751266
2020-09-25,0.5734383792909398,0.6201463140123804
2020-09-28,0.38942037141249297,0.15925717501406864
2020-09-29,0.634777715250422,0.810917276308385
2020-09-30,0.4839617332583005,0.8925154755205402
2020-10-01,0.24141812042768712,0.32583005064715814
2020-10-02,0.23635340461451884,0.6527855936972425
2020-10-05,0.5272931907709623,0.2644907146876759
2020-10-06,0.11029825548677546,0.9184018007878447
2020-10-07,0.5126617895329206,0.08216094541361846
2020-10-08,0.7445132245357344,0.7265053460889139
2020-10-09,0.846933033202026,0.4704558244231852
2020-10-12,0.7985368598761958,0.8407428249859313
2020-10-13,0.2605514912774339,0.46764209341586943
2020-10-14,0.413618458075408,0.02926280247608329
2020-10-15,0.4023635340461452,0.4890264490714688
2020-10-16,0.15250422059651098,0.1682611142374789
2020-10-19,0.5329206527855938,0.5604952166572876
2020-10-20,0.16207090602138435,0.8604389420371413
2020-10-21,0.915588069780529,0.8885762521102983
2020-10-22,0.891389983117614,0.6882386043894204
2020-10-23,0.34271243669105234,0.15475520540236354
2020-10-26,0.14631401238041641,0.7456387169386607
2020-10-27,0.7433877321328082,0.15419245920090038
2020-10-28,0.10579628587507035,0.2537985368598762
2020-10-29,0.40967923466516604,0.1795160382667417
2020-10-30,0.33595948227349465,0.03601575689364097
2020-11-02,0.12999437253798538,0.16882386043894204
2020-11-03,0.6167698368036016,0.4805852560495217
2020-11-04,0.8199212155317952,0.9831176139561059
2020-11-05,0.7726505346088914,0.22341024198086662
2020-11-06,0.9701744513224536,0.9459763646595386
2020-11-09,0.22622397298818234,0.9257175014068655
2020-11-10,0.6302757456387169,0.04783342712436691
2020-11-11,0.770962296004502,0.3939223410241981
2020-11-12,0.41586944288126054,0.15813168261114238
2020-11-13,0.7715250422059652,0.6837366347777153
2020-11-16,0.7540799099606078,0.7951603826674171
2020-11-17,0.8570624648283625,0.6139561057962859
2020-11-18,0.45075970737197524,0.5149127743387732
2020-11-19,0.26730444569499157,0.3280810354530107
2020-11-20,0.9510410804727069,0.6522228474957794
2020-11-23,0.9606077658975802,0.47552054023635343
2020-11-24,0.37366347777152503,0.2763083849184018
2020-11-25,0.03882948790095667,0.8739448508722566
2020-11-27,0.441755768148565,0.43725379853685986
2020-11-30,0.9279684862127181,0.8638154192459201
2020-12-01,0.07090602138435566,0.19471018570624649
2020-12-02,0.6904895891952729,0.987619583567811
2020-12-03,0.7782779966235228,0.7839054586381542
2020-12-04,0.11368320862806666,0.7276308384918402
2020-12-07,0.26167698368036013,0.27687113111986494
2020-12-08,0.024760832864378166,0.3978615644344401
2020-12-09,0.7996623522791222,0.4530106921778278
2020-12-10,0.19696117051209905,0.20709060213843555
2020-12-11,0.18739448508722567,0.8930782217220035
2020-12-14,0.3927968486212718,0.37366347777152503
2020-12-15,0.5464265616207091,0.6235227912211593
2020-12-16,0.9493528418683175,0.5239167135621835
2020-12-17,0.6060776589758019,0.8103545301069218
2020-12-18,0.6893640967923467,0.8880135059088351
2020-12-21,0.07315700619020822,0.12380416432189083
2020-12-22,0.8407428249859313,0.6595385481148003
2020-12-23,0.20272956880310405,0.10523353967360721
2020-12-24,0.8677546426561621,0.5188519977490152
2020-12-28,0.9319077096229601,0.6578503095104108
2020-12-29,0.4935284186831739,0.6443444006752954
2020-12-30,0.7518289251547552,0.7152504220596512
2020-12-31,0.2442318514350028,0.8165447383230163
2021-01-04,0.9257175014068655,0.9054586381541925
2021-01-05,0.899268429938098,0.4822734946539111
2021-01-06,0.9684862127180642,0.8277996623522792
2021-01-07,0.6584130557118739,0.7827799662352279
2021-01-08,0.4558244231851435,0.04389420371412493
2021-01-11,0.8045307740262762,0.006752954417557681
2021-01-12,0.07878446820483963,0.26280247608328644
2021-01-13,0.9532920652785594,0.8266741699493528
2021-01-14,0.9459763646595386,0.12324141812042769
2021-01-15,0.10241980866629151,0.3691615081598199
2021-01-19,0.9651097355092854,0.566122678671919
2021-01-20,0.5233539673607204,0.8851997749015195
2021-01-21,0.9357145673812348,0.2824985931344963
2021-01-22,0.9741136747326956,0.8373663477771526
2021-01-25,0.05852560495216658,0.5025323579065841
2021-01-26,0.7360720315137873,0.28418683173888576
2021-01-27,0.10751733751620053,0.634777715250422
2021-01-28,0.9189645469893079,0.07765897580191335
2021-01-29,0.8210467079347215,0.618458075407991
2021-02-01,0.8413055711873945,0.5087225661226786
2021-02-02,0.9769274057400112,0.08666291502532358
2021-02-03,0.9667979741136747,0.22791221159257175
2021-02-04,0.09397861564434441,0.5047833427124367
2021-02-05,0.9465391108610017,0.028137310073157007
2021-02-08,0.95160382667417,0.9380979178390546
2021-02-09,0.6280247608328644,0.5205402363534046
2021-02-10,0.30219471018570626,0.8970174451322454
2021-02-11,0.7242543612830613,0.48621271806415306
2021-02-12,0.7974113674732696,0.5751266178953293
2021-02-16,0.48621271806415306,0.5728756330894766
2021-02-17,0.8227349465391108,0.15588069780528982
2021-02-18,0.8700056274620147,0.12999437253798538
2021-02-19,0.618458075407991,0.8058525604952167
2021-02-22,0.17567029392683406,0.7478897017445133
2021-02-23,0.7048904820751192,0.7850309510410804
2021-02-24,0.8114800225098481,0.34327518289251546
2021-02-25,0.4280541535774641,0.6510973550928532
2021-02-26,0.2301631963984243,0.3725379853685988
2021-03-01,0.9763646595385481,0.03882948790095667
2021-03-02,0.06584130557118739,0.16601012943162632
2021-03-03,0.8947664603263928,0.7484524479459764
2021-03-04,0.21722003376477209,0.19020821609454136
2021-03-05,0.40011254924029266,0.009003939223410242
2021-03-08,0.9212155317951605,0.14012380416432188
2021-03-09,0.6871131119864942,0.02982554867754643
2021-03-10,0.11142374788970175,0.8227349465391108
2021-03-11,0.654473832301632,0.7118739448508723
2021-03-12,0.15419245920090038,0.8812605514912775
2021-03-15,0.12492965672481711,0.17895329206527855
2021-03-16,0.5807540799099606,0.27293190770962295
2021-03-17,0.5875070343275183,0.27405740011254925
2021-03-18,0.21159257175014068,0.9369724254361284
2021-03-19,0.6978052898142938,0.05458638154192459
2021-03-22,0.04108047270680923,0.18683173888576252
2021-03-23,0.3731007315700619,0.8384918401800788
2021-03-24,0.050647158131682614,0.22568169244974795
2021-03-25,0.4912774338773213,0.24198086662915025
2021-03-26,0.927405740011255,0.172763083849184
2021-03-29,0.9442881260551491,0.5869442881260551
2021-03-30,0.6494091164884637,0.3185143500281373
2021-03-31,0.8306133933595948,0.10973550928531232
2021-04-01,0.7794034890264491,0.5250422059651098
2021-04-05,0.5610579628587508,0.36128306133933596
2021-04-06,0.5396736072031514,0.8446820483961733
2021-04-07,0.005627462014631401,0.8655036578503096
2021-04-08,0.9065841305571187,0.46876758581879574
2021-04-09,0.3685987619583568,0.7940348902644907
2021-04-12,0.3601575689364097,0.3376477208778841
2021-04-13,0.9420371412492966,0.6133933595948228
2021-04-14,0.9048958919527293,0.7816544738323017
2021-04-15,0.8041643218908273,0.7366347777152504
2021-04-16,0.12155317951603828,0.34383792909397864
2021-04-19,0.13956105796285875,0.4501969611705121
2021-04-20,0.943725379853686,0.923466516601013
2021-04-21,0.6510973550928532,0.3550928531232414
2021-04-22,0.6679797411367473,0.5244794597636466
2021-04-23,0.26280247608328644,0.2830613393359595
2021-04-26,0.9645469893078222,0.9217782779966236
2021-04-27,0.8761958356781092,0.3984243106359032
2021-04-28,0.7822172200337648,0.5599324704558244
2021-04-29,0.526167698368036,0.8142937535171638
2021-04-30,0.5498030388294879,0.39335959482273497
2021-05-03,0.9943725379853686,0.3502668134267265
2021-05-04,0.046145188519977495,0.7433877321328082
2021-05-05,0.9527293190770962,0.12099043331457514
2021-05-06,0.3517163759144626,0.4108047270680923
2021-05-07,0.45132245357343836,0.8818232976927406
2021-05-10,0.550365785030951,0.9651097355092854
2021-05-11,0.8897017445132246,0.22622397298818234
2021-05-12,0.4139542623417315,0.5064715813168261
2021-05-13,0.24198086662915025,0.051772650534608895
2021-05-14,0.9696117051209905,0.4637028700056275
2021-05-17,0.29585480847621093,0.9133370849746765
2021-05-18,0.7743387732132808,0.5351716375914463
2021-05-19,0.9858550385748017,0.8975801913337085
2021-05-20,0.9853685987619584,0.10129431626336523
2021-05-21,0.757259644450706,0.8452447945976365
2021-05-24,0.9994372537985369,0.14181204276871132
2021-05-25,0.7321328081035453,0.7287563308947664
2021-05-26,0.9268429938097918,0.7450759707371976
2021-05-27,0.04445694991558807,0.08384918401800788
2021-05-28,0.6812851619301721,0.47889701744513224
2021-06-01,0.14969048958919526,0.7929093978615644
2021-06-02,0.7529544175576816,0.33989870568373665
2021-06-03,0.8919527293190771,0.4034890264490715
2021-06-04,0.033202025886325266,0.027574563871693866
2021-06-07,0.06640405177265053,0.7552054023635341
2021-06-08,0.16657287563308948,0.6904895891952729
2021-06-09,0.8137310073157007,0.2999437253798537
2021-06-10,0.045019696117051214,0.5655599324704559
2021-06-11,0.06077658975801914,0.3866066404051773
2021-06-14,0.6190208216094542,0.06471581316826112
2021-06-15,0.7642093415869443,0.5891952729319078
2021-06-16,0.43440417420419164,0.5211029825548678
2021-06-17,0.4991558806978053,0.7602256221998528
2021-06-18,0.03207653348339899,0.010129431626336524
2021-06-21,0.8824876406228328,0.15194147439504782
2021-06-22,0.37929093978615647,0.7788407428249859
2021-06-23,0.9110861001688239,0.6871131119864942
2021-06-24,0.4670793472144063,0.441755768148565
2021-06-25,0.3525023136707895,0.4462577377602701
2021-06-28,0.8773213280810355,0.5886325267304446
2021-06-29,0.8294879009566686,0.3522791221159257
2021-06-30,0.8846370287000563,0.2442318514350028
2021-07-01,0.003376477208778841,0.12436691052335397
2021-07-02,0.6792346651660102,0.37478897017445134
2021-07-06,0.8987056837366348,0.5447383230163196
2021-07-07,0.4181204276871131,0.15362971299943726
2021-07-08,0.2809892854892583,0.20934158694428812
2021-07-09,0.6314012380416433,0.8626899268429938
2021-07-12,0.05908835115362972,0.6927405740011255
2021-07-13,0.06133933595948228,0.4012380416432189
2021-07-14,0.7585818795723129,0.1520471694030379
2021-07-15,0.08384918401800788,0.8756330894766461
2021-07-16,0.27124366910523356,0.289251547552054
2021-07-19,0.08666291502532358,0.49296567248171075
2021-07-20,0.26674169949352844,0.29938097917839057
2021-07-21,0.9808666291502532,0.38210467079347216
2021-07-22,0.678671918964547,0.5627462014631401
2021-07-23,0.8722566122678672,0.30106921778277995
2021-07-26,0.694991558806978,0.4811480022509848
2021-07-27,0.7670230725942601,0.7546426561620709
2021-07-28,0.4642656162070906,0.6268992684299382
2021-07-29,0.8165447383230163,0.6797974113674733
2021-07-30,0.8142937535171638,0.827236916150816
2021-08-02,0.691052335396736,0.24985931344963422
2021-08-03,0.08610016882386044,0.5453010692177828
2021-08-04,0.9600450196961171,0.4254361283061339
2021-08-05,0.8216094541361846,0.2020258863252673
2021-08-06,0.7214406302757457,0.45920090039392236
2021-08-09,0.8784468204839617,0.035763838172772955
2021-08-10,0.36522228474957796,0.36803601575689365
2021-08-11,0.562183455261677,0.3342712436691052
2021-08-12,0.10354530106921779,0.6516601012943163
2021-08-13,0.9617332583005065,0.421496904895892
2021-08-16,0.06359032076533484,0.8795723128868881
2021-08-17,0.07034327518289252,0.33877321328081034
2021-08-18,0.498030388294879,0.03545301069217783
2021-08-19,0.8868880135059088,0.4153066966797974
2021-08-20,0.7923466516601013,0.2425436128306134
2021-08-23,0.7315700619020822,0.6702307259425999
2021-08-24,0.0742824985931345,0.8294879009566686
2021-08-25,0.6696679797411368,0.562183455261677
2021-08-26,0.10073157006190209,0.6719189645469893
2021-08-27,0.8902644907146877,0.3128868880135059
2021-08-30,0.4625773776027012,0.803038829487901
2021-08-31,0.9223410241980867,0.4541361845807541
2021-09-01,0.9819921215531795,0.6072031513787282
2021-09-02,0.32245357343837927,0.7293190770962297
2021-09-03,0.8334271243669106,0.7613956105796286
2021-09-07,0.7615661679536788,0.3702870005627462
2021-09-08,0.7073719752391672,0.2076533483398987
2021-09-09,0.23353967360720315,0.26730444569499157
2021-09-10,0.024198086662915026,0.5413618458075408
2021-09-13,0.11367473269555431,0.34440067529544177
2021-09-14,0.8548114800225098,0.47552054023635343
2021-09-15,0.8885762521102983,0.41024198086662916
2021-09-16,0.31795160382667415,0.622397298818233
2021-09-17,0.057400112549240295,0.09003939223410243
2021-09-20,0.644546095264539,0.16488463702870004
2021-09-21,0.013505908835115365,0.477771525042206
2021-09-22,0.9791783905458639,0.40630275745638716
2021-09-23,0.7405740011254924,0.18064153066966798
2021-09-24,0.002813731007315701,0.8576252110298256
2021-09-27,0.0827236916150816,0.317388857625211
2021-09-28,0.0770962296004502,0.2453573438379291
2021-09-29,0.6662915025323579,0.3742262239729882
2021-09-30,0.8829487900956668,0.020781685986107013
2021-10-01,0.9724254361283061,0.23804164321890828
2021-10-04,0.325267304445695,0.7462014631401238
2021-10-05,0.8401800787844682,0.586381541924592
2021-10-06,0.6837366347777153,0.28137310073157007
2021-10-07,0.5036578503095104,0.14068655036578503
2021-10-08,0.385481148002251,0.5177265053460889
2021-10-11,0.8075407990996061,0.5362971299943725
2021-10-12,0.2819358469330332,0.35734383792909397
2021-10-13,0.7912211592571751,0.2988182329769274
2021-10-14,0.8739448508722566,0.9026449071468768
2021-10-15,0.702870005627462,0.3967360720315138
2021-10-18,0.1812042768711311,0.5272931907709623
2021-10-19,0.8024760832864378,0.6409679234665167
2021-10-20,0.9364096792346652,0.6488463702870005
2021-10-21,0.1907709622960045,0.6848621271806415
2021-10-22,0.22509848058525606,0.2189082723691615
2021-10-25,0.7861564434440068,0.6212718064153067
2021-10-26,0.22791221159257175,0.22960045019696118
2021-10-27,0.05571187394485087,0.34721440630275746
2021-10-28,0.9611705120990434,0.48958919527293193
2021-10-29,0.7737760270118177,0.9442881260551491
2021-11-01,0.5813168261114238,0.7617964432778687
2021-11-02,0.9088351153629713,0.8097917839054587
2021-11-03,0.537985368598762,0.29769274057400114
2021-11-04,0.2779966235227912,0.7732132808103546
2021-11-05,0.32470455824423183,0.06077658975801914
2021-11-08,0.8441193021947102,0.6100168823860439
2021-11-09,0.2723691615081598,0.6831738885762522
2021-11-10,0.22341024198086662,0.513787281935847
2021-11-11,0.7051209904333146,0.6060421623400956
2021-11-12,0.3033202025886325,0.1755768148564997
2021-11-15,0.2824985931344963,0.3837929093978616
2021-11-16,0.06357582384052621,0.016319639842431066
2021-11-17,0.674732695554305,0.11254924029262803
2021-11-18,0.010129431626336524,0.47552054023635343
2021-11-19,0.9414743950478335,0.8368036015756893
2021-11-22,0.0799099606077659,0.3396775273726637
2021-11-23,0.9127743387732133,0.18345526167698367
2021-11-24,0.20427687113111986,0.5008441193021947
2021-11-26,0.03657850309510411,0.5424873382104671
2021-11-29,0.8086662915025323,0.9493528418683175
2021-11-30,0.8446820483961733,0.4766460326392797
2021-12-01,0.34327518289251546,0.7782779966235228
2021-12-02,0.26617895329206526,0.3674732695554305
2021-12-03,0.019696117051209907,0.3449634214969049
2021-12-06,0.8244231851435003,0.4603263927968486
2021-12-07,0.3376477208778841,0.30782217220033764
2021-12-08,0.7647720877884074,0.37197523916713565
2021-12-09,0.0011254924029262803,0.9167135621834553
2021-12-10,0.04839617332583005,0.08497467642093416
2021-12-13,0.28929603838795404,0.6561620709060214
2021-12-14,0.3342712436691052,0.2386043894203714
2021-12-15,0.9386606640405177,0.2543612830613393
2021-12-16,0.29769274057400114,0.7321328081035453
2021-12-17,0.2228474957794035,0.8171074845244795
2021-12-20,0.5115362971299944,0.29405515885243405
2021-12-21,0.7163759144625774,0.7636465953854812
2021-12-22,0.3449634214969049,0.5801913337084975
2021-12-23,0.7844682048396173,0.8075407990996061
2021-12-27,0.3787281935846933,0.44513224535734386
2021-12-28,0.03263927968486213,0.5334833989870569
2021-12-29,0.06921778277996624,0.32976927405740014
2021-12-30,0.7265053460889139,0.8283624085537423
2021-12-31,0.36128306133933596,0.17220033764772089
2022-01-03,0.2509848058525605,0.842993809791784
2022-01-04,0.5818795723128869,0.028700056274620148
2022-01-05,0.020258863252673048,0.30388294879009564
2022-01-06,0.10973550928531232,0.734946539110861
2022-01-07,0.012943162633652224,0.3168261114237479
2022-01-10,0.20146314012380417,0.8829487900956668
2022-01-11,0.875070343275183,0.26561620709060213
2022-01-12,0.8435565559932471,0.7749015194147439
2022-01-13,0.11311198649409117,0.9330332020258864
2022-01-14,0.6927405740011255,0.6319639842431064
2022-01-18,0.27968486212718063,0.47158131682611143
2022-01-19,0.21665728756330893,0.0039392234102419805
2022-01-20,0.14406302757456388,0.6162070906021384
2022-01-21,0.8485366423658129,0.21159257175014068
2022-01-24,0.10804727068092292,0.7175014068655037
2022-01-25,0.5526167698368036,0.31232414181204277
2022-01-26,0.5385481148002251,0.29825548677546426
2022-01-27,0.2453573438379291,0.05402363534046146
2022-01-28,0.8801350590883512,0.4470377963549109
2022-01-31,0.7917839054586382,0.5284186831738886
2022-02-01,0.8277996623522792,0.939786156443444
2022-02-02,0.09791783905458638,0.8261114237478897
2022-02-03,0.4541361845807541,0.7073719752391672
2022-02-04,0.9803038829487901,0.9898705683736635
2022-02-07,0.7552054023635341,0.6584130557118739
2022-02-08,0.3905458638154192,0.35678109172763084
2022-02-09,0.818795723128869,0.2858750703432752
2022-02-10,0.052335396736072036,0.4772087788407428
2022-02-11,0.05402363534046146,0.41755768148565
2022-02-14,0.6803601575689364,0.09116488463702871
2022-02-15,0.9538548114800225,0.062464828362408555
2022-02-16,0.2678671918964547,0.8559369724254362
2022-02-17,0.16169060097062904,0.654473832301632
2022-02-18,0.1305571187394485,0.38773213280810354
2022-02-22,0.7422622397298818,0.3995498030388295
2022-02-23,0.24310635903207653,0.662915025323579
2022-02-24,0.513787281935847,0.26617895329206526
2022-02-25,0.9200900393922341,0.697223062373284
2022-02-28,0.979741136747327,0.37816544738323016
2022-03-01,0.6876758581879573,0.770962296004502
2022-03-02,0.37197523916713565,0.09058043775083517
2022-03-03,0.09622960045019696,0.2886888013505909
2022-03-04,0.11071639579739795,0.1063590320765335
2022-03-07,0.2104670793472144,0.9611136814145164
2022-03-08,0.7839054586381542,0.3804164321890827
2022-03-09,0.9060213843556556,0.7658975801913337
2022-03-10,0.07371975239167136,0.9977490151941475
2022-03-11,0.2425436128306134,0.05346088913899832
2022-03-14,0.7619583567810918,0.09849858631320443
2022-03-15,0.6139561057962859,0.5920090039392234
2022-03-16,0.9009566685424873,0.7146876758581879
2022-03-17,0.6595385481148003,0.8694428812605515
2022-03-18,0.8626899268429938,0.9414743950478335
2022-03-21,0.6370287000562747,0.06640405177265053
2022-03-22,0.7439504783342713,0.236916150815982
2022-03-23,0.6972425436128307,0.6077658975801914
2022-03-24,0.7411367473269556,0.2554867754642656
2022-03-25,0.46933033202025887,0.5075970737197524
2022-03-28,0.6443444006752954,0.22228474957794034
2022-03-29,0.6994935284186832,0.5987619583567811
2022-03-30,0.40911648846370285,0.9701744513224536
2022-03-31,0.144625773776027,0.9240292628024761
2022-04-01,0.879009566685425,0.3007040339388535
2022-04-04,0.46876758581879574,0.24310635903207653
2022-04-05,0.14237478897017444,0.020821609454136185
2022-04-06,0.0039392234102419805,0.025886325267304448
2022-04-07,0.6961170512099043,0.38885762521102984
2022-04-08,0.31176139561057964,0.17501406865503658
2022-04-11,0.0016882386043894203,0.674732695554305
2022-04-12,0.6702307259425999,0.4040517726505346
2022-04-13,0.7664603263927968,0.0770962296004502
2022-04-14,0.14012380416432188,0.9290939786156444
2022-04-18,0.7135621834552617,0.41699493528418685
2022-04-19,0.6572875633089477,0.17163759144625773
2022-04-20,0.35959482273494653,0.6117051209904333
2022-04-21,0.15813168261114238,0.8863252673044457
2022-04-22,0.3702870005627462,0.3275182892515476
2022-04-25,0.7720877884074283,0.24648283624085537
2022-04-26,0.011254924029262803,0.5234627765526227
2022-04-27,0.7636465953854812,0.015756893640967926
2022-04-28,0.6713562183455262,0.3835679144304096
2022-04-29,0.0855374226223973,0.07484524479459764
2022-05-02,0.6049521665728756,0.7647720877884074
2022-05-03,0.1795160382667417,0.2177827799662352
2022-05-04,0.8970174451322454,0.6752954417557682
2022-05-05,0.017445132245357344,0.9707371975239167
2022-05-06,0.23579065841305571,0.22902445147912345
2022-05-09,0.6148643036622143,0.3944850872256612
2022-05-10,0.8536859876195836,0.7754642656162071
2022-05-11,0.6822268671535492,0.1710748452447946
2022-05-12,0.04276871131119865,0.27968486212718063
2022-05-13,0.7490151941474396,0.8648863634563645
2022-05-16,0.03601575689364097,0.6865503657850309
2022-05-17,0.7968486212718064,0.8086662915025323
2022-05-18,0.25751330344338674,0.983680360157569
2022-05-19,0.8857625211029826,0.002813731007315701
2022-05-20,0.16432189082723692,0.9814293753517164
2022-05-23,0.12099043331457514,0.3764772087788407
2022-05-24,0.5205402363534046,0.9848058525604952
2022-05-25,0.25604952166572875,0.8857625211029826
2022-05-26,0.0005627462014631402,0.08159819921215532
2022-05-27,0.07597073719752392,0.8486212718064153
2022-05-31,0.17220033764772089,0.8244231851435003
2022-06-01,0.02701181767023073,0.13168261114237478
2022-06-02,0.5475520540236354,0.10386425738998475
2022-06-03,0.13674732695554304,0.9735509285312325
2022-06-06,0.7754642656162071,0.23916713562183456
2022-06-07,0.1935846933033202,0.1598199212155318
2022-06-08,0.3241418120427687,0.5537422622397299
2022-06-09,0.4468204839617333,0.6691052335396737
2022-06-10,0.004501969611705121,0.5638993964174824
2022-06-13,0.8990683971769406,0.843867233578536
2022-06-14,0.5492402926280248,0.0022509848058525606
2022-06-15,0.6842993809791784,0.7163759144625774
2022-06-16,0.7945755792809245,0.6432189082723692
2022-06-17,0.682611142374789,0.9673607203151379
2022-06-21,0.44231851435002817,0.7445132245357344
2022-06-22,0.016319639842431066,0.6060776589758019
2022-06-23,0.9577940348902645,0.7597073719752392
2022-06-24,0.9392234102419809,0.10185706246482837
2022-06-27,0.4074282498593135,0.8497467642093416
2022-06-28,0.08778840742824986,0.6364659538548115
2022-06-29,0.09341586944288127,0.052335396736072036
2022-06-30,0.16094541361845807,0.04785838311988871
2022-07-01,0.38097917839054585,0.7580191333708498
2022-07-05,0.2886888013505909,0.4665166010129432
2022-07-06,0.8621271806415307,0.9557034542007835
2022-07-07,0.8486212718064153,0.0061902082160945416
2022-07-08,0.3168261114237479,0.3055711873944851
2022-07-11,0.028700056274620148,0.4316263365222285
2022-07-12,0.04164321890827237,0.8170564732245098
2022-07-13,0.9380979178390546,0.3202025886325267
2022-07-14,0.9324704558244232,0.469893078221722
2022-07-15,0.8081035453010692,0.39617332583005066
2022-07-18,0.996060776589758,0.9420371412492966
2022-07-19,0.20934158694428812,0.8705683736634778
2022-07-20,0.28362408553742263,0.9645469893078222
2022-07-21,0.8182329769274058,0.07878446820483963
2022-07-22,0.18570624648283623,0.8131682611142375
2022-07-25,0.479713657543984,0.27124366910523356
2022-07-26,0.4434440067529544,0.7158131682611143
2022-07-27,0.987619583567811,0.5871854079666481
2022-07-28,0.8891389983117615,0.9577940348902645
2022-07-29,0.49015194147439506,0.30219471018570626
2022-08-01,0.16882386043894204,0.6499718626899269
2022-08-02,0.4535734383792909,0.8891389983117615
2022-08-03,0.3562183455261677,0.7103944866274458
2022-08-04,0.38773213280810354,0.4935284186831739
2022-08-05,0.9454136184580755,0.9696117051209905
2022-08-08,0.8587507034327518,0.12709496649510402
2022-08-09,0.08947664603263929,0.7332583005064716
2022-08-10,0.9572312886888014,0.5931344963421497
2022-08-11,0.6640405177265054,0.9729881823297694
2022-08-12,0.8384918401800788,0.6471581316826112
2022-08-15,0.261114237478897,0.03770399549803039
2022-08-16,0.2988182329769274,0.5674112540011108
2022-08-17,0.19752391671356218,0.5756893640967924
2022-08-18,0.5678109172763084,0.5846933033202026
2022-08-19,0.7554100285532548,0.5066823003890462
2022-08-22,0.501969611705121,0.05289814293753518
2022-08-23,0.7383230163196398,0.6189826386770783
2022-08-24,0.43050084411930223,0.7411367473269556
2022-08-25,0.731007315700619,0.4963421496904896
2022-08-26,0.6441088285869626,0.49690489589195275
2022-08-29,0.9561057962858751,0.1570061902082161
2022-08-30,0.24085537422622397,0.95160382667417
2022-08-31,0.69893078221722,0.6021384355655599
2022-09-01,0.7079347214406303,0.6359032076533484
2022-09-02,0.3995498030388295,0.45923565354950635
2022-09-06,0.12267867191896456,0.846933033202026
2022-09-07,0.8531232414181205,0.05008441193021947
2022-09-08,0.5188519977490152,0.9786156443444007
2022-09-09,0.8795723128868881,0.6555993247045583
2022-09-12,0.17051209904333145,0.9099606077658976
2022-09-13,0.13369647100574797,0.9048958919527293
2022-09-14,0.8007878446820484,0.9216619124123334
2022-09-15,0.5239155780265552,0.49409116488463706
2022-09-16,0.17445132245357342,0.5233539673607204
2022-09-19,0.7833427124366911,0.7861564434440068
2022-09-20,0.10129431626336523,0.5610579628587508
2022-09-21,0.04051772650534609,0.03714124929656725
2022-09-22,0.907146876758582,0.9098627921018718
2022-09-23,0.4822734946539111,0.6015756893640968
2022-09-26,0.7850309510410804,0.9371838990419711
2022-09-27,0.42374788970174454,0.011817670230725944
2022-09-28,0.5430500844119303,0.19245920090039392
2022-09-29,0.45469893078221724,0.9887450759707372
2022-09-30,0.3972988182329769,0.991558806978053
2022-10-03,0.8176702307259426,0.12661789532920653
2022-10-04,0.7692740574001126,0.8300506471581317
2022-10-05,0.3843556555993247,0.9966235227912212
2022-10-06,0.46201463140123805,0.06132661128871293
2022-10-07,0.293190770962296,0.850304450568383
2022-10-10,0.2020258863252673,0.04839617332583005
2022-10-11,0.3505908835115363,0.21553179516038268
2022-10-12,0.6229600450196962,0.3601575689364097
2022-10-13,0.40574001125492404,0.5694991558806978
2022-10-14,0.5633089476646033,0.8564997186268993
2022-10-17,0.6966797974113675,0.3421496904895892
2022-10-18,0.27293190770962295,0.9864940911648846
2022-10-19,0.23972988182329769,0.6679797411367473
2022-10-20,0.44794597636465955,0.662894835104985
2022-10-21,0.6359032076533484,0.6218345526167699
2022-10-24,0.30163196398424313,0.9617332583005065
2022-10-25,0.9566685424873382,0.7371975239167136
2022-10-26,0.9358469330332021,0.955543050084412
2022-10-27,0.12943162633652222,0.9926842993809792
2022-10-28,0.7495779403489027,0.8500943636875825
2022-10-31,0.32301631963984245,0.3353967360720315
2022-11-01,0.5312324141812043,0.007878446820483963
2022-11-02,0.1063590320765335,0.37929093978615647
2022-11-03,0.5706246482836241,0.022509848058525607
2022-11-04,0.9403489026449072,0.015194147439504785
2022-11-07,0.44456949915588073,0.9994372537985369
2022-11-08,0.8570507804496998,0.971862689926843
2022-11-09,0.9146347108293368,0.9200900393922341
2022-11-10,0.9971862689926844,0.03263927968486213
2022-11-11,0.34665166010129433,0.9988745075970737
2022-11-14,0.6651660101294317,0.9932470455824424
2022-11-15,0.5762521102982555,0.3731007315700619
2022-11-16,0.1598199212155318,0.8120427687113112
2022-11-17,0.317388857625211,0.799099606077659
2022-11-18,0.5970737197523917,0.16263365222284748
2022-11-21,0.15081598199212154,0.18401800787844683
2022-11-22,0.7332583005064716,0.36551773114815034
2022-11-23,0.8474957794034891,0.9251547552054024
2022-11-25,0.41699493528418685,0.385481148002251
2022-11-28,0.22228474957794034,0.11648846370287001
2022-11-29,0.8356781091727631,0.25604952166572875
2022-11-30,0.9206527855936972,0.2718064153066967
2022-12-01,0.28081035453010694,0.9774901519414745
2022-12-02,0.646595385481148,0.9791783905458639
2022-12-05,0.2718064153066967,0.6437816544738323
2022-12-06,0.5959482273494654,0.088351153629713
2022-12-07,0.1429375351716376,0.20652785593697243
2022-12-08,0.8339898705683737,0.8396173325830051
2022-12-09,0.30782217220033764,0.8525604952166573
2022-12-12,0.5801913337084975,0.13674732695554304
2022-12-13,0.8131682611142375,0.6758581879572313
2022-12-14,0.3590320765334834,0.9600450196961171
2022-12-15,0.1333708497467642,0.8649409116488463
2022-12-16,0.13047367925840214,0.15081598199212154
2022-12-19,0.28756330894766463,0.05965109735509286
2022-12-20,0.8497467642093416,0.7439504783342713
2022-12-21,0.4316263365222285,0.610579628587507
2022-12-22,0.5244794597636466,0.30838491840180077
2022-12-23,0.49577940348902644,0.4051772650534609
2022-12-27,0.321328081035453,0.21384355655599324
2022-12-28,0.24029262802476084,0.44456949915588073
2022-12-29,0.598199212155318,0.3899831176139561
2022-12-30,0.4490714687675858,0.7574563871693867
2023-01-03,0.4783342712436691,0.18176702307259426
2023-01-04,0.8019133370849747,0.8480097673052055
2023-01-05,0.4108047270680923,0.9009566685424873
2023-01-06,0.6561620709060214,0.2756227566288641
2023-01-09,0.7467642093415869,0.9921215531795161
2023-01-10,0.614518851997749,0.9448508722566124
2023-01-11,0.8255486775464266,0.5357343837929094
2023-01-12,0.7146876758581879,0.7236916150815982
2023-01-13,0.7293190770962297,0.9684862127180642
2023-01-17,0.3978615644344401,0.5329206527855938
2023-01-18,0.1288688801350591,0.14518851997749013
2023-01-19,0.734946539110861,0.5227912211592571
2023-01-20,0.9302194710185706,0.7855936972425437
2023-01-23,0.47552054023635343,0.7512661789532921
2023-01-24,0.07540799099606078,0.5740011254924029
2023-01-25,0.8092290377039956,0.6229600450196962
2023-01-26,0.40461451885199773,0.7698368036015757
2023-01-27,0.43781654473832304,0.22115925717501406
2023-01-30,0.060213843556556,0.25998874507597075
2023-01-31,0.6274620146314013,0.28362408553742263
2023-02-01,0.8064153066966798,0.5852560495216658
2023-02-02,0.4884637028700056,0.9949352841868317
2023-02-03,0.6364659538548115,0.6513635592391179
2023-02-06,0.3460889138998312,0.7281066848317619
2023-02-07,0.8036015756893641,0.046145188519977495
2023-02-08,0.31232414181204277,0.4642656162070906
2023-02-09,0.02363534046145189,0.33314575126617896
2023-02-10,0.22903770399549803,0.7191896454698931
2023-02-13,0.40630275745638716,0.03489026449071469
2023-02-14,0.7940348902644907,0.8767585818795723
2023-02-15,0.9425998874507597,0.5306696679797411
2023-02-16,0.22960045019696118,0.10579628587507035
2023-02-17,0.7957231288688802,0.23072594259988746
2023-02-21,0.17782779966235226,0.45526167698368036
2023-02-22,0.35284186831738884,0.19133370849746764
2023-02-23,0.5368598761958356,0.09566685424873382
2023-02-24,0.18007878446820483,0.3927968486212718
2023-02-27,0.42262239729881823,0.10692177827799663
2023-02-28,0.2549240292628025,0.891389983117614
2023-03-01,0.8103545301069218,0.16375914462577376
2023-03-02,0.3421496904895892,0.9662352279122116
2023-03-03,0.061902082160945414,0.020258863252673048
2023-03-06,0.5008441193021947,0.7203151378728194
2023-03-07,0.42993809791783905,0.9088351153629713
2023-03-08,0.2504220596510974,0.8738342781523589
2023-03-09,0.025323579065841307,0.4614518851997749
2023-03-10,0.3871693866066404,0.7844682048396173
2023-03-13,0.8975801913337085,0.9763646595385481
2023-03-14,0.6449071468767587,0.8199212155317952
2023-03-15,0.16769836803601576,0.5002813731007316
2023-03-16,0.6330894766460327,0.8934152816731601
2023-03-17,0.9296567248171075,0.7535171637591447
2023-03-20,0.16601012943162632,0.9150253235790659
2023-03-21,0.842993809791784,0.814856499718627
2023-03-22,0.10298255486775465,0.8868880135059088
2023-03-23,0.8604389420371413,0.9712999437253799
2023-03-24,0.11817670230725943,0.1586944288126055
2023-03-27,0.12436691052335397,0.05908835115362972
2023-03-28,0.7962858750703433,0.7377602701181767
2023-03-29,0.6156443444006753,0.7608328643781654
2023-03-30,0.4743950478334271,0.5171637591446258
2023-03-31,0.666854248733821,0.9003939223410242
2023-04-03,0.5756893640967924,0.5811075773682548
2023-04-04,0.7979741136747327,0.9808666291502532
2023-04-05,0.7056837366347778,0.8503095104108047
2023-04-06,0.2386043894203714,0.06133933595948228
2023-04-10,0.7574563871693867,0.40911648846370285
2023-04-11,0.3382104670793472,0.10917276308384918
2023-04-12,0.6550365785030952,0.8536859876195836
2023-04-13,0.8683173888576252,0.9504783342712437
2023-04-14,0.8564997186268993,0.8784468204839617
2023-04-17,0.22734946539110862,0.03038829487900957
2023-04-18,0.6432189082723692,0.045582442318514355
2023-04-19,0.1878502312463101,0.8621271806415307
2023-04-20,0.5211029825548678,0.2594259988745076
2023-04-21,0.05965109735509286,0.6601012943162634
2023-04-24,0.33314575126617896,0.6814856499718627
2023-04-25,0.6353404614518852,0.915588069780529
2023-04-26,0.4749577940348903,0.05684385975402433
2023-04-27,0.7231288688801351,0.9229037703995498
2023-04-28,0.35734383792909397,0.32470455824423183
2023-05-01,0.19808666291502533,0.2819358469330332
2023-05-02,0.710748452447946,0.12492965672481711
2023-05-03,0.6865503657850309,0.8159819921215532
2023-05-04,0.29375351716375914,0.8902644907146877
2023-05-05,0.9161508159819921,0.10298255486775465
2023-05-08,0.3111986494091165,0.4293753517163759
2023-05-09,0.47158131682611143,0.27011817670230726
2023-05-10,0.4321890827236916,0.19189645469893077
2023-05-11,0.1862689926842994,0.6674169949352842
2023-05-12,0.5531795160382668,0.018007878446820485
2023-05-15,0.5948227349465391,0.050647158131682614
2023-05-16,0.5239167135621835,0.6803601575689364
2023-05-17,0.45526167698368036,0.3905458638154192
2023-05-18,0.3275182892515476,0.2228474957794035
2023-05-19,0.5509285312324141,0.039392234102419814
2023-05-22,0.5627462014631401,0.8508722566122678
2023-05-23,0.7039954980303883,0.35396736072031515
2023-05-24,0.15925717501406864,0.12155317951603828
2023-05-25,0.5177265053460889,0.3489026449071469
2023-05-26,0.6319639842431064,0.17613956105796286
2023-05-30,0.530106921778278,0.3196398424310636
2023-05-31,0.29431626336522226,0.7124366910523354
2023-06-01,0.3899831176139561,0.13956105796285875
2023-06-02,0.7326955543050084,0.9172763083849185
2023-06-05,0.08441193021947102,0.04164321890827237
2023-06-06,0.8373663477771526,0.6173325830050648
2023-06-07,0.1682611142374789,0.33595948227349465
2023-06-08,0.5672481710748453,0.5796285875070344
2023-06-09,0.43387732132808104,0.9409116488463704
2023-06-12,0.39223410241980866,0.18739448508722567
2023-06-13,0.4473832301631964,0.6049521665728756
2023-06-14,0.04952166572875633,0.7169386606640406
2023-06-15,0.5858187957231289,0.879009566685425
2023-06-16,0.7788407428249859,0.9769274057400112
2023-06-20,0.7816544738323017,0.30500844119302195
2023-06-21,0.8936409679234666,0.43275182892515474
2023-06-22,0.34383792909397864,0.9335959482273495
2023-06-23,0.6072031513787282,0.1738885762521103
2023-06-26,0.2160945413618458,0.07653348339898706
2023-06-27,0.6657287563308948,0.5143500281373101
2023-06-28,0.13449634214969047,0.8435565559932471
2023-06-29,0.638716938660664,0.12549240292628025
2023-06-30,0.8542487338210467,0.09397861564434441
2023-07-03,0.5897580191333709,0.8036015756893641
2023-07-05,0.3027574563871694,0.21496904895891952
2023-07-06,0.1361845807540799,0.21271806415306696
2023-07-07,0.6218345526167699,0.7737760270118177
2023-07-10,0.5936972425436129,0.9465391108610017
2023-07-11,0.4563871693866067,0.7810917276308386
2023-07-12,0.4333145751266179,0.5638716938660664
2023-07-13,0.9369724254361284,0.9893078221722004
2023-07-14,0.12830613393359594,0.9425998874507597
2023-07-17,0.39167135621834553,0.5182892515475521
2023-07-18,0.37760270118176703,0.5790658413055711
2023-07-19,0.41305571187394485,0.3871693866066404
2023-07-20,0.48958919527293193,0.261114237478897
2023-07-21,0.4850872256612268,0.033202025886325266
2023-07-24,0.22566122678671918,0.3584693303320203
2023-07-25,0.5295441755768149,0.045019696117051214
2023-07-26,0.570061902082161,0.34946539110861
2023-07-27,0.3911086100168824,0.7248171074845245
2023-07-28,0.5689364096792346,0.5298447172344063
2023-07-31,0.4395047833427124,0.8339898705683737
2023-08-01,0.578503095104108,0.23297692740574
2023-08-02,0.2543612830613393,0.5835678109172763
2023-08-03,0.4462577377602701,0.04108047270680923
2023-08-04,0.41868317388857623,0.5548677546426561
2023-08-07,0.4710185706246483,0.8643781654473832
2023-08-08,0.6623522791221159,0.4783342712436691
2023-08-09,0.4637028700056275,0.11029825548677546
2023-08-10,0.4501969611705121,0.6612267867191897
2023-08-11,0.449634214969049,0.5166010129431626
2023-08-14,0.5092853123241419,0.14631401238041641
2023-08-15,0.3489026449071469,0.16769836803601576
2023-08-16,0.3207653348339899,0.4181204276871131
2023-08-17,0.010692177827799663,0.20258863252673043
2023-08-18,0.29093978615644345,0.4710185706246483
2023-08-21,0.33202025886325265,0.4845244794597637
2023-08-22,0.23297692740574,0.6916150815981993
2023-08-23,0.7546426561620709,0.07934721440630277
2023-08-24,0.32189082723691614,0.6662915025323579
2023-08-25,0.4164321890827237,0.031513787281935844
2023-08-28,0.43837929093978617,0.4563871693866067
2023-08-29,0.863252673044457,0.7315700619020822
2023-08-30,0.2915025323579066,0.831176139561058
2023-08-31,0.11986494091164886,0.907146876758582
2023-09-01,0.33258300506471583,0.32211520299687824
2023-09-05,0.5070343275182893,0.6646032639279685
2023-09-06,0.4614518851997749,0.025323579065841307
2023-09-07,0.5931344963421497,0.4524479459763647
2023-09-08,0.3837929093978616,0.22734946539110862
2023-09-11,0.09116488463702871,0.6775464265616208
2023-09-12,0.7450759707371976,0.7625211029825549
2023-09-13,0.5987619583567811,0.5042205965109736
2023-09-14,0.6195835678109173,0.2920652785593697
2023-09-15,0.5846933033202026,0.5389093954597598
2023-09-18,0.5830050647158131,0.7563308947664603
2023-09-19,0.5250422059651098,0.7045582442318514
2023-09-20,0.31457512661789533,0.3624085537422622
2023-09-21,0.2003376477208779,0.2003376477208779
2023-09-22,0.5453010692177828,0.5689364096792346
2023-09-25,0.5357343837929094,0.34271243669105234
2023-09-26,0.5171637591446258,0.057400112549240295
2023-09-27,0.5081598199212155,0.26336522228474957
2023-09-28,0.8058525604952167,0.03376477208778841
2023-09-29,0.586381541924592,0.8936409679234666
2023-10-02,0.09060213843556557,0.5030951041080473
2023-10-03,0.41755768148565,0.29487464849055295
2023-10-04,0.4040517726505346,0.3832301631963984
2023-10-05,0.2144063027574564,0.7833427124366911
2023-10-06,0.7129994372537986,0.8137310073157007
2023-10-09,0.13280810354530106,0.6842993809791784
2023-10-10,0.3691615081598199,0.5970737197523917
2023-10-11,0.4597636465953855,0.7180641530669668
2023-10-12,0.25886325267304444,0.6741699493528419
2023-10-13,0.5745638716938661,0.3633856126298772
2023-10-16,0.7512661789532921,0.31907709622960045
2023-10-17,0.21553179516038268,0.7703995498030388
2023-10-18,0.45863815419245924,0.6685424873382105
2023-10-19,0.505908835115363,0.15756893640967923
2023-10-20,0.7287563308947664,0.8598761958356781
2023-10-23,0.911648846370287,0.5104108047270681
2023-10-24,0.6088913899831176,0.9499155880697806
2023-10-25,0.49690489589195275,0.005064715813168261
2023-10-26,0.5908835115362971,0.20821609454136183
2023-10-27,0.3044456949915588,0.445694991558807
2023-10-30,0.5740011254924029,0.45075970737197524
2023-10-31,0.5227912211592571,0.8801350590883512
2023-11-01,0.6741699493528419,0.14800225098480585
2023-11-02,0.18401800787844683,0.5649971862689926
2023-11-03,0.6848621271806415,0.7653348339898706
2023-11-06,0.5143500281373101,0.9853685987619584
2023-11-07,0.39335959482273497,0.3629712999437254
2023-11-08,0.48564997186268993,0.23522791221159256
2023-11-09,0.9831176139561059,0.6297129994372538
2023-11-10,0.23522791221159256,0.1108610016882386
2023-11-13,0.5391108610016883,0.6938660664040518
2023-11-14,0.1108610016882386,0.6004501969611705
2023-11-15,0.8418683173888577,0.9983117613956106
2023-11-16,0.057962858750703436,0.2504220596510974
2023-11-17,0.48002250984805855,0.46595385481148005
2023-11-20,0.5317951603826674,0.8745075970737198
2023-11-21,0.08103545301069218,0.7974113674732696
2023-11-22,0.923466516601013,0.22003376477208778
2023-11-24,0.5886325267304446,0.6375914462577378
2023-11-27,0.2554867754642656,0.7715250422059652
2023-11-28,0.6094541361845808,0.6567248171074845
2023-11-29,0.345526167698368,0.8491840180078785
2023-11-30,0.6122678671918965,0.18908272369161508
2023-12-01,0.6736072031513788,0.10064459427925208
2023-12-04,0.7225661226786719,0.4333145751266179
2023-12-05,0.7220033764772088,0.08328643781654474
2023-12-06,0.17163759144625773,0.10861001688238604
2023-12-07,0.8964546989307822,0.2245357343837929
2023-12-08,0.48339898705683737,0.710748452447946
2023-12-11,0.039954980303882955,0.22903770399549803
2023-12-12,0.3353967360720315,0.48283624085537424
2023-12-13,0.7473269555430501,0.7591446257737761
2023-12-14,0.7371975239167136,0.9606077658975802
2023-12-15,0.08159819921215532,0.9780528981429376
2023-12-18,0.594259988745076,0.5211958165663424
2023-12-19,0.2515475520540236,0.7326955543050084
2023-12-20,0.6111423747889702,0.8897017445132246
2023-12-21,0.6769836803601575,0.1615081598199212
2023-12-22,0.8283624085537423,0.8981429375351717
2023-12-26,0.2470455824423185,0.4124929656724817
2023-12-27,0.9240292628024761,0.6899268429938098
2023-12-28,0.30894766460326395,0.9110861001688239
2023-12-29,0.23466516601012943,0.1322453573438379
2024-01-02,0.49296567248171075,0.3100731570061902
2024-01-03,0.02644907146876759,0.49022527148238926
2024-01-04,0.7456387169386607,0.33708497467642096
2024-01-05,0.47214406302757456,0.670793472144063
2024-01-08,0.8728193584693303,0.42262239729881823
2024-01-09,0.5402363534046145,0.5768148564997186
2024-01-10,0.971862689926843,0.293190770962296
2024-01-11,0.65053460889139,0.8238604389420372
2024-01-12,0.11480022509848059,0.541924592009004
2024-01-16,0.7771525042205966,0.47552054023635343
2024-01-17,0.20652785593697243,0.03207653348339899
2024-01-18,0.19414743950478333,0.5458638154192459
2024-01-19,0.5869442881260551,0.4074282498593135
2024-01-22,0.03376477208778841,0.6156443444006753
2024-01-23,0.1457512661789533,0.3517163759144626
2024-01-24,0.43669105233539673,0.2684299380979178
2024-01-25,0.3804164321890827,0.69893078221722
2024-01-26,0.7191896454698931,0.1654473832301632
2024-01-29,0.7462014631401238,0.4400675295441756
2024-01-30,0.6207090602138435,0.38154192459200903
2024-01-31,0.1755768148564997,0.5706246482836241
2024-02-01,0.5914462577377603,0.13280810354530106
2024-02-02,0.4985931344963422,0.9302194710185706
2024-02-05,0.5284186831738886,0.4723048007542642
2024-02-06,0.7878446820483962,0.1373100731570062
2024-02-07,0.7158131682611143,0.6392796848621272
2024-02-08,0.45188519977490155,0.6640405177265054
2024-02-09,0.7580191333708498,0.4884637028700056
2024-02-12,0.9077096229600451,0.6809229037703995
2024-02-13,0.3944850872256612,0.23353967360720315
2024-02-14,0.8806978052898143,0.03657850309510411
2024-02-15,0.6724817107484524,0.6972425436128307
2024-02-16,0.37816544738323016,0.8221722003376477
2024-02-20,0.7298818232976928,0.3759144625773776
2024-02-21,0.289251547552054,0.7923466516601013
2024-02-22,0.4805852560495217,0.5520540236353405
2024-02-23,0.26336522228474957,0.530106921778278
2024-02-26,0.7124366910523354,0.4192459200900394
2024-02-27,0.706809229037704,0.7490151941474396
2024-02-28,0.8519977490151942,0.41305571187394485
2024-02-29,0.3100731570061902,0.4147439504783343
2024-03-01,0.7568936409679234,0.16938660664040517
2024-03-04,0.8351153629713,0.7917839054586382
2024-03-05,0.2245357343837929,0.6083286437816545
2024-03-06,0.9409116488463704,0.48339898705683737
2024-03-07,0.6488463702870005,0.8289251547552055
2024-03-08,0.53404614518852,0.863252673044457
2024-03-11,0.867191896454699,0.4006752954417558
2024-03-12,0.2189082723691615,0.35790658413055715
2024-03-13,0.5559932470455825,0.4395047833427124
2024-03-14,0.14350028137310072,0.7242543612830613
2024-03-15,0.10467079347214407,0.016882386043894203
2024-03-18,0.12380416432189083,0.46539110861001687
2024-03-19,0.5557861388574935,0.3843556555993247
2024-03-20,0.9780528981429376,0.36409679234665165
2024-03-21,0.3967360720315138,0.9364096792346652
2024-03-22,0.06752954417557681,0.011254924029262803
2024-03-25,0.8323016319639843,0.06978052898142938
2024-03-26,0.45920090039392236,0.7473269555430501
2024-03-27,0.19245920090039392,0.4164321890827237
2024-03-28,0.6814856499718627,0.2954417557681486
2024-04-01,0.09735509285312324,0.4569499155880698
2024-04-02,0.019133370849746766,0.06415306696679798
2024-04-03,0.6038266741699494,0.7557681485649972
2024-04-04,0.5447383230163196,0.9279684862127181
2024-04-05,0.43275182892515474,0.4608891389983118
2024-04-08,0.9330332020258864,0.4079909960607766
2024-04-09,0.046707934721440636,0.7675858187957232
2024-04-10,0.610579628587507,0.4276871131119865
2024-04-11,0.32976927405740014,0.7588971459374243
2024-04-12,0.062337515361223284,0.3241418120427687
2024-04-15,0.2537985368598762,0.0005627462014631402
2024-04-16,0.40292628024760835,0.24479459763646597
2024-04-17,0.13562183455261675,0.42712436691052336
2024-04-18,0.7507034327518289,0.8587507034327518
2024-04-19,0.445694991558807,0.23579065841305571
2024-04-22,0.6797974113674733,0.6285875070343275
2024-04-23,0.5458638154192459,0.42824985931344967
2024-04-24,0.18683173888576252,0.867191896454699
2024-04-25,0.5424873382104671,0.42656162070906023
2024-04-26,0.3635340461451885,0.7422622397298818
2024-04-29,0.2858750703432752,0.2566122678671919
2024-04-30,0.023072594259988748,0.5711873944850873
2024-05-01,0.29487900956668545,0.0855374226223973
2024-05-02,0.5520540236353405,0.887450759707372
2024-05-03,0.8266741699493528,0.5965109735509285
2024-05-06,0.20090039392234102,0.7090602138435566
2024-05-07,0.24479459763646597,0.5779403489026449
2024-05-08,0.32864378165447383,0.30894766460326395
2024-05-09,0.7090602138435566,0.43781654473832304
2024-05-10,0.08497467642093416,0.7962858750703433
2024-05-13,0.5604952166572876,0.325267304445695
2024-05-14,0.204839617332583,0.6966797974113675
2024-05-15,0.8880135059088351,0.6820483961733258
2024-05-16,0.14687675858187957,0.9403489026449072
2024-05-17,0.8756330894766461,0.2746201463140124
2024-05-20,0.9988745075970737,0.5593697242543613
2024-05-21,0.8013505908835116,0.32920652785593696
2024-05-22,0.29825548677546426,0.41868317388857623
2024-05-23,0.606640405177265,0.19583567810917277
2024-05-24,0.3055711873944851,0.3477771525042206
2024-05-28,0.30500844119302195,0.6274620146314013
2024-05-29,0.2312886888013506,0.3697242543612831
2024-05-30,0.4153066966797974,0.08441193021947102
2024-05-31,0.522228474957794,0.7687113111986494
2024-06-03,0.4259988745075971,0.6550365785030952
2024-06-04,0.6268992684299382,0.8806978052898143
2024-06-05,0.6420934158694429,0.23747889701744512
2024-06-06,0.3005064715813168,0.39898705683736635
2024-06-07,0.11930219471018572,0.6730444569499157
2024-06-10,0.3308947664603264,0.7399308233749295
2024-06-11,0.06696679797411367,0.32639279684862127
2024-06-12,0.6820483961733258,0.24817107484524478
2024-06-13,0.18289251547552055,0.935284186831739
2024-06-14,0.5160382667416995,0.009566685424873383
2024-06-17,0.14856499718626898,0.14406302757456388
2024-06-18,0.36803601575689365,0.8007878446820484
2024-06-20,0.30106921778277995,0.5762521102982555
2024-06-21,0.4918401800787845,0.10016882386043895
2024-06-24,0.23410241980866628,0.2965672481710748
2024-06-25,0.6409679234665167,0.839054586381542
2024-06-26,0.37141249296567247,0.25211029825548675
2024-06-27,0.7203151378728194,0.1963984243106359
2024-06-28,0.22678671918964546,0.7355092853123242
2024-07-01,0.5042205965109736,0.7208778840742825
2024-07-02,0.3826674169949353,0.4907146876758582
2024-07-03,0.11536297129994373,0.594259988745076
2024-07-05,0.19864940911648846,0.6533483398987057
2024-07-08,0.7777152504220597,0.6381541924592009
2024-07-09,0.6539110861001688,0.5256049521665729
2024-07-10,0.6308384918401801,0.31457512661789533
2024-07-11,0.46764209341586943,0.6606640405177265
2024-07-12,0.6100168823860439,0.8052898142937536
2024-07-15,0.9431626336522229,0.6111423747889702
2024-07-16,0.3066966797974114,0.6415306696679798
2024-07-17,0.27405740011254925,0.4850872256612268
2024-07-18,0.6117051209904333,0.7889701744513224
2024-07-19,0.7259425998874508,0.13787281935846932
2024-07-22,0.1710748452447946,0.44794597636465955
2024-07-23,0.6235227912211593,0.3787281935846933
2024-07-24,0.08328643781654474,0.13505908835115363
2024-07-25,0.056837366347777155,0.3590320765334834
2024-07-26,0.7884074282498593,0.598199212155318
2024-07-29,0.6533483398987057,0.4974676420934159
2024-07-30,0.3134496342149691,0.1671356218345526
2024-07-31,0.28700056274620145,0.44063027574563873
2024-08-01,0.35002813731007315,0.5616207090602139
2024-08-02,0.009566685424873383,0.1502532357906584
2024-08-05,0.5295360804046119,0.9881823297692741
2024-08-06,0.6781091727630839,0.8081035453010692
2024-08-07,0.05289814293753518,0.24366910523353968
2024-08-08,0.991558806978053,0.4918401800787845
2024-08-09,0.14068655036578503,0.3505908835115363
2024-08-12,0.9262802476083287,0.45469893078221724
2024-08-13,0.3697242543612831,0.6893640967923467
2024-08-14,0.2791221159257175,0.8987056837366348
2024-08-15,0.120427687113112,0.6420934158694429
2024-08-16,0.5835678109172763,0.13111986494091163
2024-08-19,0.5880697805289814,0.8683173888576252
2024-08-20,0.19302194710185705,0.8998311761395611
2024-08-21,0.7236916150815982,0.8114800225098481
2024-08-22,0.4355655599324705,0.7186268992684299
2024-08-23,0.887450759707372,0.14350028137310072
2024-08-26,0.18851997749015192,0.9245920090039392
2024-08-27,0.25554790486832357,0.265053460889139
2024-08-28,0.7613956105796286,0.6128306133933596
2024-08-29,0.47889701744513224,0.0799099606077659
2024-08-30,0.4569499155880698,0.11142374788970175
2024-09-03,0.06527855936972426,0.6888013505908835
2024-09-04,0.6178953292065279,0.30163196398424313
2024-09-05,0.13168261114237478,0.7495779403489027
2024-09-06,0.02926280247608329,0.7416994935284187
2024-09-09,0.7478897017445133,0.25323579065841306
2024-09-10,0.6381541924592009,0.08891389983117615
2024-09-11,0.22397298818232977,0.3140123804164322
2024-09-12,0.5925717501406865,0.37084974676420934
2024-09-13,0.8002250984805853,0.9144625773776027
2024-09-16,0.3280810354530107,0.5858187957231289
2024-09-17,0.7023072594259989,0.8092290377039956
2024-09-18,0.622397298818233,0.4113674732695554
2024-09-19,0.8368036015756893,0.38942037141249297
2024-09-20,0.8300506471581317,0.8413055711873945
2024-09-23,0.7416994935284187,0.4631401238041643
2024-09-24,0.5047833427124367,0.09229037703995499
2024-09-25,0.16488463702870004,0.9431626336522229
2024-09-26,0.7062464828362409,0.05514912774338773
2024-09-27,0.7338210467079348,0.8345526167698368
2024-09-30,0.21947101857062465,0.40011254924029266
2024-10-01,0.03095104108047271,0.18458075407990995
2024-10-02,0.12324141812042769,0.019696117051209907
2024-10-03,0.3882948790095667,0.3235790658413056
2024-10-04,0.7535171637591447,0.34665166010129433
2024-10-07,0.3764772087788407,0.04727068092290378
2024-10-08,0.5655599324704559,0.48733821046707937
2024-10-09,0.15756893640967923,0.47552054023635343
2024-10-10,0.5554305008441193,0.1862689926842994
2024-10-11,0.7175014068655037,0.3770399549803039
2024-10-14,0.9229037703995498,0.38604389420371416
2024-10-15,0.3556555993247046,0.31626336522228476
2024-10-16,0.5014068655036579,0.24141812042768712
2024-10-17,0.4400675295441756,0.27743387732132807
2024-10-18,0.6477208778840743,0.17726505346088914
2024-10-21,0.1570061902082161,0.8013505908835116
2024-10-22,0.2577377602701182,0.08103545301069218
2024-10-23,0.08047270680922904,0.28531232414181207
2024-10-24,0.5998874507597074,0.3095104108047271
2024-10-25,0.0996060776589758,0.8317388857625211
2024-10-28,0.7281935846933033,0.21834552616769837
2024-10-29,0.7608328643781654,0.6769836803601575
2024-10-30,0.5649971862689926,0.5154755205402364
2024-10-31,0.04333145751266179,0.7968486212718064
2024-11-01,0.4524479459763647,0.7197523916713563
2024-11-04,0.1952729319077096,0.3562183455261677
2024-11-05,0.6077658975801914,0.46933033202025887
2024-11-06,0.9842431063590321,0.899268429938098
2024-11-07,0.9172763083849185,0.969259370993506
2024-11-08,0.7253798536859877,0.9060213843556556
2024-11-11,0.8998311761395611,0.09940154802462055
2024-11-12,0.10523353967360721,0.08047270680922904
2024-11-13,0.265053460889139,0.08947664603263929
2024-11-14,0.08216094541361846,0.0714687675858188
2024-11-15,0.6482836240855374,0.16094541361845807
2024-11-18,0.8503095104108047,0.5132245357343838
2024-11-19,0.14912774338773213,0.9065841305571187
2024-11-20,0.3140123804164322,0.614518851997749
2024-11-21,0.9639842431063591,0.04051772650534609
2024-11-22,0.3545301069217783,0.036566641871406874
2024-11-25,0.6516601012943163,0.5897580191333709
2024-11-26,0.18176702307259426,0.1457512661789533
2024-11-27,0.9707371975239167,0.8570624648283625
2024-11-29,0.5267304445694991,0.47945976364659537
2024-12-02,0.24760832864378166,0.3005064715813168
2024-12-03,0.38885762521102984,0.10241980866629151
2024-12-04,0.9099606077658976,0.5813168261114238
2024-12-05,0.3674732695554305,0.5092853123241419
2024-12-06,0.8778840742824986,0.9358469330332021
2024-12-09,0.0022509848058525606,0.2847495779403489
2024-12-10,0.2037141249296567,0.3646595385481148
2024-12-11,0.8942037141249297,0.26167698368036013
2024-12-12,0.6375914462577378,0.22566122678671918
2024-12-13,0.5638716938660664,0.16994935284186832
2024-12-16,0.5841305571187395,0.7872819358469331
2024-12-17,0.18345526167698367,0.5576814856499719
2024-12-18,0.006752954417557681,0.25717501406865506
2024-12-19,0.03770399549803039,0.9033406788295303
2024-12-20,0.6646032639279685,0.638716938660664
2024-12-23,0.8463702870005628,0.9319077096229601
2024-12-24,0.7197523916713563,0.21215531795160383
2024-12-26,0.06471581316826112,0.44400675295441755
2024-12-27,0.4665166010129432,0.7039954980303883
2024-12-30,0.5030951041080473,0.5430500844119303
2024-12-31,0.3798536859876196,0.2470455824423185
2025-01-02,0.7681485649971863,0.060213843556556
2025-01-03,0.8576252110298256,0.31962961936345796
2025-01-06,0.6527855936972425,0.8019133370849747
2025-01-07,0.2599514671157861,0.9566685424873382
2025-01-08,0.2684299380979178,0.11480022509848059
2025-01-10,0.6522228474957794,0.3033202025886325
2025-01-13,0.09285312324141813,0.06302757456387169
2025-01-14,0.7597073719752392,0.6876758581879573
2025-01-15,0.9341586944288126,0.8323016319639843
2025-01-16,0.08722566122678672,0.35115362971299946
2025-01-17,0.8745075970737198,0.5475520540236354
2025-01-21,0.6555993247045583,0.9943725379853686
2025-01-22,0.17839054586381542,0.321328081035453
2025-01-23,0.7675858187957232,0.5216657287563309
2025-01-24,0.37084974676420934,0.5402363534046145
2025-01-27,0.25211029825548675,0.8778840742824986
2025-01-28,0.13787281935846932,0.25267304445694994
2025-01-29,0.6173325830050648,0.3111986494091165
2025-01-30,0.8508722566122678,0.4321890827236916
2025-01-31,0.6606640405177265,0.20315137872819358
2025-02-03,0.5441755768148565,0.9176288688391623
2025-02-04,0.045582442318514355,0.9549803038829489
2025-02-05,0.6955543050084412,0.8514350028137311
2025-02-06,0.1176139561057963,0.738885762521103
2025-02-07,0.1896454698930782,0.31795160382667415
2025-02-10,0.6291502532357907,0.0016882386043894203
2025-02-11,0.21496904895891952,0.3635340461451885
2025-02-12,0.8818232976927406,0.9189645469893079
2025-02-13,0.21102982554867755,0.731007315700619
2025-02-14,0.6899268429938098,0.9341586944288126
2025-02-18,0.17332583005064717,0.43106359032076536
2025-02-19,0.6809229037703995,0.13843556555993247
2025-02-20,0.5852560495216658,0.2104670793472144
2025-02-21,0.15475520540236354,0.9538548114800225
2025-02-24,0.6237559901963197,0.2284749577940349
2025-02-25,0.36691052335396734,0.3348339898705684
2025-02-26,0.018570624648283626,0.9122115925717502
2025-02-27,0.32639279684862127,0.14969048958919526
2025-02-28,0.1586944288126055,0.5182628058640079
2025-03-03,0.8512061578772909,0.6713562183455262
2025-03-04,0.6150815981992122,0.9375351716375915
2025-03-05,0.7945976364659538,0.9938097917839055
2025-03-06,0.25267304445694994,0.9971862689926844
2025-03-07,0.16038266741699492,0.40292628024760835
2025-03-10,0.10862294438361375,0.9347214406302757
2025-03-11,0.7827799662352279,0.2785593697242544
2025-03-12,0.39898705683736635,0.9386606640405177
2025-03-13,0.19583567810917277,0.21665728756330893
2025-03-14,0.738885762521103,0.19414743950478333
2025-03-17,0.7084974676420934,0.7101857062464828
2025-03-18,0.5120990433314575,0.7912211592571751
2025-03-19,0.9217782779966236,0.6764209341586944
2025-03-20,0.11254924029262803,0.2217220033764772
2025-03-21,0.3550928531232414,0.0686550365785031
2025-03-24,0.8126055149127743,0.28081035453010694
2025-03-25,0.4113674732695554,0.1851435002813731
2025-03-26,0.16375914462577376,0.31570061902082164
2025-03-27,0.43106359032076536,0.0996060776589758
2025-03-28,0.04220596510973551,0.895329206527856
2025-03-31,0.5965109735509285,0.694991558806978
2025-04-01,0.8598761958356781,0.42374788970174454
2025-04-02,0.03489026449071469,0.2583005064715813
2025-04-03,0.6133933595948228,0.9842431063590321
2025-04-04,0.47270680922903774,0.9909960607765897
2025-04-07,0.2999437253798537,0.056837366347777155
2025-04-08,0.04389420371412493,0.02701181767023073
2025-04-09,0.9864940911648846,0.911648846370287
2025-04-10,0.3367395529168309,0.2144063027574564
2025-04-11,0.7698368036015757,1.0
2025-04-14,0.6674169949352842,0.9510410804727069
2025-04-15,0.2217220033764772,0.44119302194710186
2025-04-16,0.3866066404051773,0.10354530106921779
2025-04-17,0.5109735509285313,0.975801913337085
2025-04-22,0.9774901519414745,0.9819921215531795
2025-04-23,0.7169386606640406,0.9094158738440643
2025-04-24,0.2847495779403489,0.2605514912774339
2025-04-25,0.5953854811480023,0.8255486775464266
2025-04-28,0.5194147439504784,0.22059651097355093
