Date,VIXY,USDJPY=X
2017-11-10,0.7799662352279122,0.0855374226223973
2017-11-13,0.6156443444006753,0.7079347214406303
2017-11-14,0.6741699493528419,0.34946539110861
2017-11-15,0.8519977490151942,0.2785593697242544
2017-11-17,0.3562183455261677,0.1671356218345526
2017-11-20,0.1738885762521103,0.04747841487602589
2017-11-21,0.09735509285312324,0.8413055711873945
2017-11-22,0.45526167698368036,0.2549240292628025
2017-11-24,0.5109735509285313,0.38097917839054585
2017-11-27,0.5436128306133934,0.7912211592571751
2017-11-28,0.3843556555993247,0.10410804727068093
2017-11-29,0.7816544738323017,0.8244231851435003
2017-11-30,0.6150815981992122,0.7411367473269556
2017-12-01,0.8114800225098481,0.8576252110298256
2017-12-04,0.46482836240855374,0.706809229037704
2017-12-05,0.5149127743387732,0.16994935284186832
2017-12-06,0.5740011254924029,0.4074282498593135
2017-12-07,0.1513787281935847,0.28812605514912776
2017-12-08,0.172763083849184,0.9431626336522229
2017-12-11,0.13787281935846932,0.7507034327518289
2017-12-12,0.6072031513787282,0.4389420371412493
2017-12-13,0.530106921778278,0.44456949915588073
2017-12-14,0.5115362971299944,0.03545301069217783
2017-12-15,0.144625773776027,0.15644344400675295
2017-12-18,0.3804164321890827,0.7152504220596512
2017-12-19,0.6274620146314013,0.3111986494091165
2017-12-20,0.537985368598762,0.7872819358469331
2017-12-21,0.4670793472144063,0.6646032639279685
2017-12-22,0.65053460889139,0.522228474957794
2017-12-26,0.5841305571187395,0.43837929093978617
2017-12-27,0.642656162070906,0.3505908835115363
2017-12-28,0.3489026449071469,0.45188519977490155
2017-12-29,0.7383230163196398,0.1862689926842994
2018-01-02,0.12943162633652222,0.5413618458075408
2018-01-03,0.3044456949915588,0.09622960045019696
2018-01-04,0.5362971299943725,0.7478897017445133
2018-01-05,0.5852560495216658,0.6094541361845808
2018-01-08,0.3899831176139561,0.7535171637591447
2018-01-09,0.6955543050084412,0.42712436691052336
2018-01-10,0.43837929093978617,0.1570061902082161
2018-01-11,0.4935284186831739,0.5073191381462768
2018-01-12,0.5858187957231289,0.3066966797974114
2018-01-16,0.9150253235790659,0.09566685424873382
2018-01-17,0.2504220596510974,0.2678671918964547
2018-01-18,0.6364659538548115,0.9583567810917276
2018-01-19,0.5323579065841306,0.17613956105796286
2018-01-22,0.28137310073157007,0.1812042768711311
2018-01-23,0.7366347777152504,0.6899268429938098
2018-01-24,0.8019133370849747,0.012380416432189083
2018-01-25,0.7422622397298818,0.027574563871693866
2018-01-26,0.47270680922903774,0.7670230725942601
2018-01-29,0.9347214406302757,0.23614604780770398
2018-01-30,0.8323016319639843,0.6983680360157569
2018-01-31,0.2594259988745076,0.265053460889139
2018-02-01,0.18176702307259426,0.8255486775464266
2018-02-02,0.9814293753517164,0.6392796848621272
2018-02-05,0.9988745075970737,0.88351153629713
2018-02-06,0.16207090602138435,0.0005627462014631402
2018-02-07,0.8621271806415307,0.8525604952166573
2018-02-08,0.996060776589758,0.1333708497467642
2018-02-09,0.8155677118671003,0.04839617332583005
2018-02-12,0.0742824985931345,0.6842993809791784
2018-02-13,0.5931344963421497,0.3410241980866629
2018-02-14,0.9184014704308359,0.0011254924029262803
2018-02-15,0.31176139561057964,0.4218951689774336
2018-02-16,0.7203151378728194,0.10523353967360721
2018-02-20,0.8739448508722566,0.8199212155317952
2018-02-21,0.7135621834552617,0.9037703995498031
2018-02-22,0.3376477208778841,0.6190208216094542
2018-02-23,0.5668222202418345,0.03263927968486213
2018-02-26,0.07597073719752392,0.6781091727630839
2018-02-27,0.9606077658975802,0.43725379853685986
2018-02-28,0.8806978052898143,0.7591446257737761
2018-03-01,0.9279684862127181,0.024198086662915026
2018-03-02,0.09060213843556557,0.10467079347214407
2018-03-05,0.04839617332583005,0.057962858750703436
2018-03-06,0.6685424873382105,0.9122115925717502
2018-03-07,0.4113674732695554,0.03601575689364097
2018-03-08,0.11480022509848059,0.899268429938098
2018-03-09,0.632184598619656,0.6494091164884637
2018-03-12,0.8700056274620147,0.839054586381542
2018-03-13,0.7715250422059652,0.05402363534046146
2018-03-14,0.7602701181767023,0.670793472144063
2018-03-15,0.18064153066966798,0.1654473832301632
2018-03-16,0.3522791221159257,0.5993247045582443
2018-03-19,0.9589195272931909,0.17163759144625773
2018-03-20,0.28418683173888576,0.4665166010129432
2018-03-21,0.41024198086662916,0.8362408553742262
2018-03-22,0.9791783905458639,0.07540799099606078
2018-03-23,0.9054586381541925,0.11465712960764238
2018-03-26,0.5994815136974636,0.3376477208778841
2018-03-27,0.9442881260551491,0.8975801913337085
2018-03-28,0.7737760270118177,0.43444006752954417
2018-03-29,0.4549108054586951,0.9831176139561059
2018-04-02,0.9611705120990434,0.28418683173888576
2018-04-03,0.062464828362408555,0.08610016882386044
2018-04-04,0.35002813731007315,0.8942037141249297
2018-04-05,0.11536297129994373,0.7416994935284187
2018-04-06,0.9184018007878447,0.6933033202025887
2018-04-09,0.5846933033202026,0.3601575689364097
2018-04-10,0.23579065841305571,0.23635340461451884
2018-04-11,0.674732695554305,0.7647720877884074
2018-04-12,0.08384918401800788,0.2037141249296567
2018-04-13,0.11986494091164886,0.7850309510410804
2018-04-16,0.03376477208778841,0.6927405740011255
2018-04-17,0.012056711791055502,0.11873944850872258
2018-04-18,0.6207090602138435,0.4108047270680923
2018-04-19,0.7281935846933033,0.7332583005064716
2018-04-20,0.8232976927405741,0.5295441755768149
2018-04-23,0.4124929656724817,0.8114800225098481
2018-04-24,0.9009566685424873,0.9499155880697806
2018-04-25,0.670793472144063,0.48283624085537424
2018-04-26,0.03882948790095667,0.8666291502532358
2018-04-27,0.3095104108047271,0.37366347777152503
2018-04-30,0.5948227349465391,0.2566122678671919
2018-05-01,0.37366347777152503,0.6488463702870005
2018-05-02,0.48621271806415306,0.8621271806415307
2018-05-03,0.7591446257737761,0.39504783342712435
2018-05-04,0.17613956105796286,0.03770399549803039
2018-05-07,0.4890264490714688,0.48958919527293193
2018-05-08,0.5374226223972989,0.25604952166572875
2018-05-09,0.07484524479459764,0.5233539673607204
2018-05-10,0.05908835115362972,0.9358469330332021
2018-05-11,0.3517163759144626,0.14237478897017444
2018-05-14,0.15475520540236354,0.3483398987056837
2018-05-15,0.9319077096229601,0.7760270118176703
2018-05-16,0.12436691052335397,0.867191896454699
2018-05-17,0.22791221159257175,0.5025323579065841
2018-05-18,0.7129994372537986,0.8216094541361846
2018-05-21,0.17332583005064717,0.4912774338773213
2018-05-22,0.7079347214406303,0.5385481148002251
2018-05-23,0.32583005064715814,0.2228474957794035
2018-05-24,0.498030388294879,0.012943162633652224
2018-05-25,0.710748452447946,0.07653348339898706
2018-05-29,0.9752391671356219,0.23241418120427687
2018-05-30,0.039954980303882955,0.11957443726840444
2018-05-31,0.7152504220596512,0.7220033764772088
2018-06-01,0.07315700619020822,0.4766460326392797
2018-06-04,0.07259425998874508,0.9403489026449072
2018-06-05,0.413618458075408,0.7585818795723129
2018-06-06,0.10579628587507035,0.3460889138998312
2018-06-07,0.7242543612830613,0.6769836803601575
2018-06-08,0.4822734946539111,0.13449634214969047
2018-06-11,0.3787281935846933,0.22115925717501406
2018-06-12,0.5120990433314575,0.9527293190770962
2018-06-13,0.7146876758581879,0.5081598199212155
2018-06-14,0.16994935284186832,0.25267304445694994
2018-06-15,0.6803601575689364,0.7805289814293753
2018-06-18,0.39223410241980866,0.4153066966797974
2018-06-19,0.8891389983117615,0.11254924029262803
2018-06-20,0.26730444569499157,0.3731007315700619
2018-06-21,0.9245920090039392,0.6904895891952729
2018-06-22,0.21328081035453011,0.14800225098480585
2018-06-25,0.9848058525604952,0.4248733821046708
2018-06-26,0.08216094541361846,0.20315137872819358
2018-06-27,0.907146876758582,0.8182329769274058
2018-06-28,0.3685987619583568,0.562183455261677
2018-06-29,0.2104670793472144,0.6797974113674733
2018-07-02,0.6353404614518852,0.6454698930782218
2018-07-03,0.6736072031513788,0.5998874507597074
2018-07-05,0.11817670230725943,0.53404614518852
2018-07-06,0.03432751828925155,0.5177265053460889
2018-07-09,0.020258863252673048,0.30163196398424313
2018-07-10,0.32189082723691614,0.8503095104108047
2018-07-11,0.8418683173888577,0.33033202025886327
2018-07-12,0.13280810354530106,0.9696117051209905
2018-07-13,0.42431063590320767,0.9048958919527293
2018-07-16,0.4850872256612268,0.21553179516038268
2018-07-17,0.40574001125492404,0.4164321890827237
2018-07-18,0.45469893078221724,0.8818232976927406
2018-07-19,0.7574563871693867,0.24760832864378166
2018-07-20,0.6190208216094542,0.1389983117613956
2018-07-23,0.5256049521665729,0.5108298122974233
2018-07-24,0.2999437253798537,0.7822172200337648
2018-07-25,0.5368598761958356,0.2470455824423185
2018-07-26,0.6133933595948228,0.1513787281935847
2018-07-27,0.8142937535171638,0.7056837366347778
2018-07-30,0.8171074845244795,0.2515475520540236
2018-07-31,0.20315137872819358,0.49971862689926844
2018-08-01,0.45075970737197524,0.931344963421497
2018-08-02,0.41868317388857623,0.2734946539110861
2018-08-03,0.36409679234665165,0.5115362971299944
2018-08-06,0.09454136184580754,0.12380416432189083
2018-08-07,0.3168261114237479,0.5458638154192459
2018-08-08,0.37084974676420934,0.44513224535734386
2018-08-09,0.7186268992684299,0.12436691052335397
2018-08-10,0.8902644907146877,0.6353404614518852
2018-08-13,0.9127743387732133,0.12099043331457514
2018-08-14,0.02982554867754643,0.4710185706246483
2018-08-15,0.9189645469893079,0.8728193584693303
2018-08-16,0.018570624648283626,0.051772650534608895
2018-08-17,0.22228474957794034,0.7985368598761958
2018-08-20,0.3128868880135059,0.08947664603263929
2018-08-21,0.770962296004502,0.08891389983117615
2018-08-22,0.3972988182329769,0.6257737760270118
2018-08-23,0.4710185706246483,0.8165447383230163
2018-08-24,0.5070343275182893,0.923466516601013
2018-08-27,0.6167698368036016,0.3618458075407991
2018-08-28,0.5599324704558244,0.3128868880135059
2018-08-29,0.5841305571187395,0.4614518851997749
2018-08-30,0.7653348339898706,0.8581879572312887
2018-08-31,0.37478897017445134,0.04276871131119865
2018-09-04,0.6297129994372538,0.3837929093978616
2018-09-05,0.6831738885762522,0.7602701181767023
2018-09-06,0.8294879009566686,0.4288126055149128
2018-09-07,0.7428249859313449,0.0020370538683385357
2018-09-10,0.20596510973550927,0.7974113674732696
2018-09-11,0.17726505346088914,0.6482836240855374
2018-09-12,0.4040517726505346,0.8176702307259426
2018-09-13,0.19189645469893077,0.15362971299943726
2018-09-14,0.317388857625211,0.9257175014068655
2018-09-17,0.8103545301069218,0.38154192459200903
2018-09-18,0.5526167698368036,0.21665728756330893
2018-09-19,0.12380416432189083,0.8705683736634778
2018-09-20,0.3584693303320203,0.47889701744513224
2018-09-21,0.5920090039392234,0.6128306133933596
2018-09-24,0.5841305571187395,0.4670793472144063
2018-09-25,0.682611142374789,0.6685424873382105
2018-09-26,0.6938660664040518,0.6195835678109173
2018-09-27,0.32920652785593696,0.2177827799662352
2018-09-28,0.5520540236353405,0.8863252673044457
2018-10-01,0.41980866629150254,0.799099606077659
2018-10-02,0.6010129431626337,0.58244231851435
2018-10-03,0.43781654473832304,0.16938660664040517
2018-10-04,0.9172763083849185,0.9465391108610017
2018-10-05,0.7647720877884074,0.07315700619020822
2018-10-08,0.7000562746201463,0.28362408553742263
2018-10-09,0.7529544175576816,0.06527855936972426
2018-10-10,0.9887450759707372,0.35115362971299946
2018-10-11,0.955543050084412,0.007315700619020821
2018-10-12,0.6350051758285906,0.4293753517163759
2018-10-15,0.7225661226786719,0.5520540236353405
2018-10-16,0.40226475713296816,0.17782779966235226
2018-10-17,0.7045582442318514,0.8373663477771526
2018-10-18,0.9262802476083287,0.6888013505908835
2018-10-19,0.441755768148565,0.1322453573438379
2018-10-22,0.6533483398987057,0.6955543050084412
2018-10-23,0.8638154192459201,0.6803601575689364
2018-10-24,0.9549803038829489,0.1963984243106359
2018-10-25,0.16263365222284748,0.1361845807540799
2018-10-26,0.915588069780529,0.7259425998874508
2018-10-29,0.5953854811480023,0.13168261114237478
2018-10-30,0.14237478897017444,0.7889701744513224
2018-10-31,0.16094541361845807,0.9088351153629713
2018-11-01,0.16882386043894204,0.26617895329206526
2018-11-02,0.6612267867191897,0.32189082723691614
2018-11-05,0.4181204276871131,0.7934721440630276
2018-11-06,0.1615081598199212,0.5447383230163196
2018-11-07,0.44075748066435594,0.5565559932470456
2018-11-08,0.4563871693866067,0.6207090602138435
2018-11-09,0.8289251547552055,0.7737760270118177
2018-11-12,0.9459763646595386,0.34665166010129433
2018-11-13,0.6871131119864942,0.3100731570061902
2018-11-14,0.7957231288688802,0.5317951603826674
2018-11-15,0.4361283061339336,0.24310635903207653
2018-11-16,0.04895891952729319,0.4316263365222285
2018-11-19,0.911648846370287,0.025886325267304448
2018-11-20,0.9110861001688239,0.2076533483398987
2018-11-21,0.24592009003939222,0.6662915025323579
2018-11-23,0.6595385481148003,0.40011254924029266
2018-11-26,0.0061902082160945416,0.38210467079347216
2018-11-27,0.31457512661789533,0.8683173888576252
2018-11-28,0.19471018570624649,0.666854248733821
2018-11-29,0.7580191333708498,0.2554867754642656
2018-11-30,0.19808666291502533,0.31513787281935846
2018-12-03,0.012943162633652224,0.734946539110861
2018-12-04,0.9786156443444007,0.28700056274620145
2018-12-06,0.7675858187957232,0.7371975239167136
2018-12-07,0.9358469330332021,0.1710748452447946
2018-12-10,0.509848058525605,0.2751828925154755
2018-12-11,0.5092853123241419,0.895329206527856
2018-12-12,0.4614518851997749,0.634777715250422
2018-12-13,0.34665166010129433,0.3517163759144626
2018-12-14,0.863252673044457,0.6775464265616208
2018-12-17,0.8975801913337085,0.29375351716375914
2018-12-18,0.6375914462577378,0.08216094541361846
2018-12-19,0.5250422059651098,0.20258863252673043
2018-12-20,0.8970174451322454,0.3404614518851998
2018-12-21,0.8998311761395611,0.43492951162653526
2018-12-24,0.8863252673044457,0.33595948227349465
2018-12-26,0.02644907146876759,0.5329206527855938
2018-12-27,0.867191896454699,0.9285312324141812
2018-12-28,0.5880697805289814,0.1738885762521103
2018-12-31,0.10298255486775465,0.09172763083849185
2019-01-02,0.1879572312886888,0.4772087788407428
2019-01-03,0.8857625211029826,0.9236750719207332
2019-01-04,0.6480498351654322,0.7653348339898706
2019-01-07,0.2830613393359595,0.9144625773776027
2019-01-08,0.28362408553742263,0.5357343837929094
2019-01-09,0.25323579065841306,0.6027011817670231
2019-01-10,0.42318514350028136,0.06640405177265053
2019-01-11,0.15925717501406864,0.5537422622397299
2019-01-14,0.6257737760270118,0.6038266741699494
2019-01-15,0.057962858750703436,0.2504220596510974
2019-01-16,0.7495779403489027,0.7794034890264491
2019-01-17,0.4288126055149128,0.7782779966235228
2019-01-18,0.23410241980866628,0.5610579628587508
2019-01-22,0.9572312886888014,0.44794597636465955
2019-01-23,0.4389420371412493,0.1907709622960045
2019-01-24,0.16601012943162632,0.5779403489026449
2019-01-25,0.10410804727068093,0.5469893078221723
2019-01-28,0.8722566122678672,0.26280247608328644
2019-01-29,0.5289814293753518,0.30894766460326395
2019-01-30,0.05965109735509286,0.6055149127743388
2019-01-31,0.07653348339898706,0.12718064153066966
2019-02-01,0.43387732132808104,0.317388857625211
2019-02-04,0.17220033764772089,0.8784468204839617
2019-02-05,0.47608328643781656,0.8491840180078785
2019-02-06,0.4749577940348903,0.41868317388857623
2019-02-07,0.846933033202026,0.47270680922903774
2019-02-08,0.4023635340461452,0.2425436128306134
2019-02-11,0.4108047270680923,0.4952166572875633
2019-02-12,0.3280810354530107,0.8761958356781092
2019-02-13,0.5351716375914463,0.5588069780528981
2019-02-14,0.7490151941474396,0.7878446820483962
2019-02-15,0.1457512661789533,0.1530669667979741
2019-02-19,0.6055149127743388,0.46482836240855374
2019-02-20,0.10073157006190209,0.4192459200900394
2019-02-21,0.694991558806978,0.6308384918401801
2019-02-22,0.11873944850872258,0.3832301631963984
2019-02-25,0.7540799099606078,0.5047833427124367
2019-02-26,0.6859876195835678,0.6809229037703995
2019-02-27,0.5976364659538548,0.10748452447945978
2019-02-28,0.5509285312324141,0.7101857062464828
2019-03-01,0.060213843556556,0.8368036015756893
2019-03-04,0.7945976364659538,0.8700056274620147
2019-03-05,0.6522228474957794,0.29938097917839057
2019-03-06,0.8002250984805853,0.5289814293753518
2019-03-07,0.8683173888576252,0.22960045019696118
2019-03-08,0.6488463702870005,0.4501969611705121
2019-03-11,0.48893295403663584,0.08159819921215532
2019-03-12,0.1907709622960045,0.6730444569499157
2019-03-13,0.4276871131119865,0.4051772650534609
2019-03-14,0.3601575689364097,0.34327518289251546
2019-03-15,0.3061339335959482,0.8615644344400676
2019-03-18,0.6088913899831176,0.27011817670230726
2019-03-19,0.6758581879572313,0.2723691615081598
2019-03-20,0.6882386043894204,0.46595385481148005
2019-03-21,0.3697242543612831,0.03826674169949353
2019-03-22,0.9741136747326956,0.5835678109172763
2019-03-25,0.6021384355655599,0.04051772650534609
2019-03-26,0.023072594259988748,0.42656162070906023
2019-03-27,0.7287563308947664,0.8334271243669106
2019-03-28,0.27574563871693863,0.37478897017445134
2019-03-29,0.16432189082723692,0.5869442881260551
2019-04-01,0.34383792909397864,0.7490151941474396
2019-04-02,0.5385481148002251,0.8154192459200901
2019-04-03,0.666854248733821,0.31176139561057964
2019-04-04,0.4575126617895329,0.5306696679797411
2019-04-05,0.2751828925154755,0.6736072031513788
2019-04-08,0.5199774901519415,0.4924029262802476
2019-04-09,0.8486212718064153,0.2217220033764772
2019-04-10,0.21159257175014068,0.17445132245357342
2019-04-11,0.28024760832864376,0.3337084974676421
2019-04-12,0.05289814293753518,0.8829487900956668
2019-04-15,0.4068655036578503,0.7799662352279122
2019-04-16,0.4839617332583005,0.3629712999437254
2019-04-17,0.6437816544738323,0.4879009566685425
2019-04-18,0.3477771525042206,0.48171074845244793
2019-04-22,0.4631401238041643,0.36522228474957796
2019-04-23,0.4541361845807541,0.4558244231851435
2019-04-24,0.7895329206527856,0.3866066404051773
2019-04-25,0.7642093415869443,0.662915025323579
2019-04-26,0.16038266741699492,0.06921778277996624
2019-04-29,0.7197523916713563,0.49409116488463706
2019-04-30,0.5970737197523917,0.5244794597636466
2019-05-01,0.8542487338210467,0.2104670793472144
2019-05-02,0.5959482273494654,0.49690489589195275
2019-05-03,0.045582442318514355,0.4822734946539111
2019-05-06,0.90320765334834,0.011254924029262803
2019-05-07,0.9893078221722004,0.6229600450196962
2019-05-08,0.30894766460326395,0.0827236916150816
2019-05-09,0.5610579628587508,0.23410241980866628
2019-05-10,0.5982905632479668,0.24085537422622397
2019-05-13,0.9853685987619584,0.3044456949915588
2019-05-14,0.021384355655599326,0.0996060776589758
2019-05-15,0.07822172200337649,0.8474957794034891
2019-05-16,0.0714687675858188,0.2644907146876759
2019-05-17,0.7191896454698931,0.7777152504220597
2019-05-20,0.7259425998874508,0.6961170512099043
2019-05-21,0.03714124929656725,0.3584693303320203
2019-05-23,0.9251547552054024,0.5914462577377603
2019-05-24,0.2965672481710748,0.052335396736072036
2019-05-28,0.8244231851435003,0.5498030388294879
2019-05-29,0.7619583567810918,0.29487900956668545
2019-05-30,0.2858750703432752,0.6342149690489589
2019-05-31,0.8767585818795723,0.2718064153066967
2019-06-03,0.6539110861001688,0.35906126921480197
2019-06-04,0.018007878446820485,0.2706809229037704
2019-06-05,0.2791221159257175,0.6527855936972425
2019-06-06,0.30500844119302195,0.5166010129431626
2019-06-07,0.6797974113674733,0.5678109172763084
2019-06-10,0.4333145751266179,0.43781654473832304
2019-06-11,0.6195835678109173,0.3562183455261677
2019-06-12,0.4924029262802476,0.5604952166572876
2019-06-13,0.5177265053460889,0.4530106921778278
2019-06-14,0.43725379853685986,0.28756330894766463
2019-06-17,0.4079909960607766,0.6724817107484524
2019-06-18,0.4682048396173326,0.4023635340461452
2019-06-19,0.13843556555993247,0.473832301631964
2019-06-20,0.6314012380416433,0.1176139561057963
2019-06-21,0.7900956668542488,0.011817670230725944
2019-06-24,0.4321890827236916,0.47552054023635343
2019-06-25,0.8081035453010692,0.4535734383792909
2019-06-26,0.4428812605514913,0.293190770962296
2019-06-27,0.3410241980866629,0.8745075970737198
2019-06-28,0.3837929093978616,0.4485087225661227
2019-07-01,0.002813731007315701,0.8897017445132246
2019-07-02,0.11648846370287001,0.42318514350028136
2019-07-03,0.5053460889138999,0.07259425998874508
2019-07-05,0.6212718064153067,0.46933033202025887
2019-07-08,0.8047270680922904,0.9009566685424873
2019-07-09,0.6252110298255487,0.6634777715250422
2019-07-10,0.1795160382667417,0.6381541924592009
2019-07-11,0.33877321328081034,0.06584130557118739
2019-07-12,0.32976927405740014,0.6719189645469893
2019-07-15,0.5723128868880135,0.03038829487900957
2019-07-16,0.6162070906021384,0.498030388294879
2019-07-17,0.7833427124366911,0.7197523916713563
2019-07-18,0.45132245357343836,0.21271806415306696
2019-07-19,0.7017445132245358,0.08103545301069218
2019-07-22,0.28531232414181207,0.7968486212718064
2019-07-23,0.14350028137310072,0.5362971299943725
2019-07-24,0.2177827799662352,0.7293190770962297
2019-07-25,0.8317388857625211,0.3967360720315138
2019-07-26,0.23635340461451884,0.8328643781654474
2019-07-29,0.6623522791221159,0.40911648846370285
2019-07-30,0.7979741136747327,0.654473832301632
2019-07-31,0.9043331457512662,0.1952729319077096
2019-08-01,0.939786156443444,0.674732695554305
2019-08-02,0.6662915025323579,0.6182580224896272
2019-08-05,0.9864940911648846,0.009003939223410242
2019-08-06,0.18258498907296214,0.1471622009796534
2019-08-07,0.6280247608328644,0.9240292628024761
2019-08-08,0.03385901101204121,0.2386043894203714
2019-08-09,0.8559369724254362,0.21947101857062465
2019-08-12,0.9341586944288126,0.0967923466516601
2019-08-13,0.5462499401828017,0.41586944288126054
2019-08-14,0.9825548677546427,0.979741136747327
2019-08-15,0.23916713562183456,0.04445694991558807
2019-08-16,0.010129431626336524,0.6111423747889702
2019-08-19,0.5471419766312224,0.7512661789532921
2019-08-20,0.7906584130557119,0.5891952729319078
2019-08-21,0.04445694991558807,0.1935846933033202
2019-08-22,0.7338210467079348,0.7281935846933033
2019-08-23,0.9769274057400112,0.321328081035453
2019-08-26,0.21665728756330893,0.7753809718673661
2019-08-27,0.7507034327518289,0.9735509285312325
2019-08-28,0.2566122678671919,0.2245357343837929
2019-08-29,0.08778840742824986,0.7394485087225662
2019-08-30,0.5914462577377603,0.7675858187957232
2019-09-03,0.8942037141249297,0.5092853123241419
2019-09-04,0.17932722766053277,0.17839054586381542
2019-09-05,0.09566685424873382,0.831176139561058
2019-09-06,0.20821609454136183,0.9229037703995498
2019-09-09,0.41586944288126054,0.3241418120427687
2019-09-10,0.5627462014631401,0.7827799662352279
2019-09-11,0.3111986494091165,0.6792346651660102
2019-09-12,0.24648283624085537,0.8013505908835116
2019-09-13,0.36803601575689365,0.598199212155318
2019-09-16,0.7332583005064716,0.13843556555993247
2019-09-17,0.5216657287563309,0.7839054586381542
2019-09-18,0.15194147439504782,0.3657850309510411
2019-09-19,0.3353967360720315,0.7383230163196398
2019-09-20,0.8880135059088351,0.15250422059651098
2019-09-23,0.48958919527293193,0.1502532357906584
2019-09-24,0.8840742824985932,0.4012380416432189
2019-09-25,0.2763083849184018,0.11930219471018572
2019-09-26,0.6617895329206528,0.8559369724254362
2019-09-27,0.8126055149127743,0.5075970737197524
2019-09-30,0.19864940911648846,0.6302757456387169
2019-10-01,0.8756330894766461,0.5672481710748453
2019-10-02,0.927405740011255,0.18176702307259426
2019-10-03,0.11423747889701745,0.06809229037703995
2019-10-04,0.011817670230725944,0.17501406865503658
2019-10-07,0.6983680360157569,0.3742262239729882
2019-10-08,0.9414743950478335,0.8396173325830051
2019-10-09,0.11705120990433315,0.2020258863252673
2019-10-10,0.16488463702870004,0.6460326392796849
2019-10-11,0.0039392234102419805,0.9105233539673607
2019-10-14,0.14068655036578503,0.8756330894766461
2019-10-15,0.2020258863252673,0.3685987619583568
2019-10-16,0.38885762521102984,0.8047270680922904
2019-10-17,0.5104108047270681,0.3140123804164322
2019-10-18,0.5531795160382668,0.35002813731007315
2019-10-21,0.21384355655599324,0.2824985931344963
2019-10-22,0.7298818232976928,0.6325267304445695
2019-10-23,0.3984243106359032,0.33258300506471583
2019-10-24,0.38154192459200903,0.6015756893640968
2019-10-25,0.14518851997749013,0.4040517726505346
2019-10-28,0.7023072594259989,0.5711873944850873
2019-10-29,0.570061902082161,0.6539110861001688
2019-10-30,0.22903770399549803,0.35734383792909397
2019-10-31,0.738885762521103,0.36072031513787284
2019-11-01,0.05458638154192459,0.024760832864378166
2019-11-04,0.6094541361845808,0.6499718626899269
2019-11-05,0.7613956105796286,0.8306133933595948
2019-11-06,0.5160382667416995,0.818795723128869
2019-11-07,0.44063027574563873,0.23185143500281372
2019-11-08,0.2824985931344963,0.7563308947664603
2019-11-11,0.5407990996060776,0.39167135621834553
2019-11-12,0.4034890264490715,0.27293190770962295
2019-11-13,0.6578503095104108,0.38885762521102984
2019-11-14,0.36691052335396734,0.2639279684862127
2019-11-15,0.06696679797411367,0.19414743950478333
2019-11-18,0.5571187394485088,0.6409679234665167
2019-11-19,0.6966797974113675,0.40292628024760835
2019-11-20,0.6927405740011255,0.24141812042768712
2019-11-21,0.6032639279684863,0.47326955543050087
2019-11-22,0.1952729319077096,0.5492402926280248
2019-11-25,0.06077658975801914,0.5875070343275183
2019-11-26,0.38604389420371416,0.6758581879572313
2019-11-27,0.513787281935847,0.5475520540236354
2019-11-29,0.7411367473269556,0.586381541924592
2019-12-02,0.9048958919527293,0.4597636465953855
2019-12-03,0.9088351153629713,0.09454136184580754
2019-12-04,0.050647158131682614,0.15813168261114238
2019-12-05,0.39561057962858753,0.6240855374226224
2019-12-06,0.14912774338773213,0.3545301069217783
2019-12-09,0.8964546989307822,0.33877321328081034
2019-12-10,0.5875070343275183,0.3944850872256612
2019-12-11,0.29825548677546426,0.6252110298255487
2019-12-12,0.004501969611705121,0.24366910523353968
2019-12-13,0.05852560495216658,0.9448508722566124
2019-12-16,0.26167698368036013,0.4259988745075971
2019-12-17,0.46595385481148005,0.6162070906021384
2019-12-18,0.702870005627462,0.37929093978615647
2019-12-19,0.23972988182329769,0.4743950478334271
2019-12-20,0.6994935284186832,0.2903770399549803
2019-12-23,0.6330894766460327,0.5599324704558244
2019-12-24,0.42037141249296567,0.3353967360720315
2019-12-26,0.541924592009004,0.4254361283061339
2019-12-27,0.7760270118176703,0.6117051209904333
2019-12-30,0.8503095104108047,0.33708497467642096
2019-12-31,0.07540799099606078,0.07597073719752392
2020-01-02,0.10129431626336523,0.47158131682611143
2020-01-03,0.8947664603263928,0.28531232414181207
2020-01-06,0.4012380416432189,0.06752954417557681
2020-01-07,0.5244794597636466,0.8126055149127743
2020-01-08,0.31063590320765333,0.15081598199212154
2020-01-09,0.1277433877321328,0.9622960045019696
2020-01-10,0.49409116488463706,0.8289251547552055
2020-01-13,0.21496904895891952,0.4991558806978053
2020-01-14,0.5025323579065841,0.8007878446820484
2020-01-15,0.5143500281373101,0.31795160382667415
2020-01-16,0.2515475520540236,0.4682048396173326
2020-01-17,0.6117051209904333,0.7006190208216094
2020-01-21,0.654473832301632,0.4350028137310073
2020-01-22,0.6527855936972425,0.21328081035453011
2020-01-23,0.5396736072031514,0.27574563871693863
2020-01-24,0.9105233539673607,0.28081035453010694
2020-01-27,0.9662352279122116,0.03376477208778841
2020-01-28,0.007878446820483963,0.5627462014631401
2020-01-29,0.5891952729319078,0.6420934158694429
2020-01-30,0.3618458075407991,0.3095104108047271
2020-01-31,0.9724254361283061,0.3415869442881261
2020-02-03,0.11311198649409117,0.09735509285312324
2020-02-04,0.013505908835115365,0.6584130557118739
2020-02-05,0.09285312324141813,0.9392234102419809
2020-02-06,0.4434440067529544,0.7597073719752392
2020-02-07,0.7118739448508723,0.5948227349465391
2020-02-10,0.41305571187394485,0.1896454698930782
2020-02-11,0.5993247045582443,0.5644344400675295
2020-02-12,0.04220596510973551,0.5188519977490152
2020-02-13,0.7450759707371976,0.4434440067529544
2020-02-14,0.38491840180078785,0.3590320765334834
2020-02-18,0.7445132245357344,0.477771525042206
2020-02-19,0.39617332583005066,0.5312324141812043
2020-02-20,0.8345526167698368,0.9808666291502532
2020-02-21,0.9229037703995498,0.915588069780529
2020-02-24,0.9921215531795161,0.15194147439504782
2020-02-25,0.9628587507034327,0.045019696117051214
2020-02-26,0.2509848058525605,0.0742824985931345
2020-02-27,0.9881823297692741,0.5182892515475521
2020-02-28,0.8733821046707935,0.04333145751266179
2020-03-02,0.07765897580191335,0.8743238556786586
2020-03-03,0.9729881823297694,0.9319077096229601
2020-03-04,0.017445132245357344,0.6659752533898659
2020-03-05,0.987619583567811,0.8936409679234666
2020-03-06,0.9667979741136747,0.6589183478122302
2020-03-09,0.9977490151941475,0.9429622815553405
2020-03-10,0.8331691463029758,0.009566685424873383
2020-03-11,0.9763646595385481,0.9949352841868317
2020-03-12,0.9954980303882949,0.10129431626336523
2020-03-13,0.7585171948432895,0.5036578503095104
2020-03-16,0.9994372537985369,0.9988745075970737
2020-03-17,0.24310635903207653,0.08778840742824986
2020-03-18,0.9898705683736635,0.9774901519414745
2020-03-19,0.8069110857657172,0.9606077658975802
2020-03-20,0.31570061902082164,1.0
2020-03-23,0.9767559127573529,0.020258863252673048
2020-03-24,0.7469248382112232,0.7546426561620709
2020-03-25,0.9448508722566124,0.69893078221722
2020-03-26,0.7471552931081362,0.2284749577940349
2020-03-27,0.9544175576814857,0.8092736696937898
2020-03-30,0.16938660664040517,0.7924563042754069
2020-03-31,0.03095104108047271,0.8851997749015195
2020-04-01,0.9493528418683175,0.08328643781654474
2020-04-02,0.014631401238041644,0.21834552616769837
2020-04-03,0.06415306696679798,0.9212155317951605
2020-04-06,0.45400083987869966,0.907146876758582
2020-04-07,0.8227349465391108,0.7996623522791222
2020-04-08,0.28700056274620145,0.11480022509848059
2020-04-09,0.2785593697242544,0.6837366347777153
2020-04-13,0.2819358469330332,0.23522791221159256
2020-04-14,0.6468073396124128,0.039954980303882955
2020-04-15,0.9471018570624649,0.08666291502532358
2020-04-16,0.6454698930782218,0.846933033202026
2020-04-17,0.07934721440630277,0.7366347777152504
2020-04-20,0.963421496904896,0.20709060213843555
2020-04-21,0.9454136184580755,0.4395047833427124
2020-04-22,0.04164321890827237,0.4935284186831739
2020-04-23,0.5711873944850873,0.5346088913899831
2020-04-24,0.012380416432189083,0.3055711873944851
2020-04-27,0.62305056915341,0.2819358469330332
2020-04-28,0.7439504783342713,0.24592009003939222
2020-04-29,0.15024827249520006,0.07878446820483963
2020-04-30,0.8373663477771526,0.3202025886325267
2020-05-01,0.9499155880697806,0.9054586381541925
2020-05-04,0.2920652785593697,0.07484524479459764
2020-05-05,0.10241980866629151,0.3995498030388295
2020-05-06,0.7034327518289252,0.22059651097355093
2020-05-07,0.08722566122678672,0.21215531795160383
2020-05-08,0.3917589059082511,0.6122678671918965
2020-05-11,0.37751627432043905,0.8716938660664041
2020-05-12,0.9639842431063591,0.8964546989307822
2020-05-13,0.9656724817107485,0.12830613393359594
2020-05-14,0.039392234102419814,0.2509848058525605
2020-05-15,0.20934158694428812,0.8097917839054587
2020-05-18,0.20502652594867027,0.2988182329769274
2020-05-19,0.8958919527293191,0.6167698368036016
2020-05-20,0.04746950698656835,0.8064153066966798
2020-05-21,0.7743387732132808,0.23804164321890828
2020-05-22,0.46764209341586943,0.4805852560495217
2020-05-26,0.3911086100168824,0.3911086100168824
2020-05-27,0.2554867754642656,0.25998874507597075
2020-05-28,0.8610016882386045,0.7169386606640406
2020-05-29,0.16375914462577376,0.2999437253798537
2020-06-01,0.6325267304445695,0.5087225661226786
2020-06-02,0.21215531795160383,0.2960045019696117
2020-06-03,0.06359032076533484,0.9803038829487901
2020-06-04,0.44400675295441755,0.6314012380416433
2020-06-05,0.019133370849746766,0.5925717501406865
2020-06-08,0.7788407428249859,0.8339898705683737
2020-06-09,0.895329206527856,0.4540444157036
2020-06-10,0.4907146876758582,0.05965109735509286
2020-06-11,0.9983117613956106,0.016882386043894203
2020-06-12,0.3988161400710255,0.27405740011254925
2020-06-15,0.24366910523353968,0.8480585256049522
2020-06-16,0.29375351716375914,0.5970737197523917
2020-06-17,0.5486775464265616,0.3843556555993247
2020-06-18,0.33989870568373665,0.088351153629713
2020-06-19,0.7377602701181767,0.5593697242543613
2020-06-22,0.03826674169949353,0.2763083849184018
2020-06-23,0.30838491840180077,0.5154755205402364
2020-06-24,0.9296567248171075,0.10804727068092292
2020-06-25,0.09510410804727068,0.8840742824985932
2020-06-26,0.9178390545863816,0.5571187394485088
2020-06-29,0.04108047270680923,0.505908835115363
2020-06-30,0.028137310073157007,0.7681485649971863
2020-07-01,0.20090039392234102,0.7884074282498593
2020-07-02,0.3382104670793472,0.056274620146314014
2020-07-06,0.5666854248733821,0.526167698368036
2020-07-07,0.8238604389420372,0.236916150815982
2020-07-08,0.261114237478897,0.6477208778840743
2020-07-09,0.7411367473269556,0.19864940911648846
2020-07-10,0.2312886888013506,0.39223410241980866
2020-07-13,0.9622960045019696,0.1851435002813731
2020-07-14,0.0011254924029262803,0.7658975801913337
2020-07-15,0.21722003376477209,0.40967923466516604
2020-07-16,0.32639279684862127,0.18345526167698367
2020-07-17,0.12549240292628025,0.7613956105796286
2020-07-20,0.051209904333145755,0.26730444569499157
2020-07-21,0.6842993809791784,0.550365785030951
2020-07-22,0.41699493528418685,0.15756893640967923
2020-07-23,0.8277996623522792,0.7456387169386607
2020-07-24,0.626336522228475,0.1755768148564997
2020-07-27,0.20146314012380417,0.010129431626336524
2020-07-28,0.4963421496904896,0.03207653348339899
2020-07-29,0.28981429375351714,0.29825548677546426
2020-07-30,0.7884074282498593,0.36409679234665165
2020-07-31,0.2915025323579066,0.16488463702870004
2020-08-03,0.4946539110861002,0.9769274057400112
2020-08-04,0.18570624648283623,0.6088913899831176
2020-08-05,0.2988182329769274,0.13393359594822735
2020-08-06,0.4119302194710186,0.37535171637591447
2020-08-07,0.47945976364659537,0.46876758581879574
2020-08-10,0.18683173888576252,0.6893640967923467
2020-08-11,0.8851997749015195,0.5880697805289814
2020-08-12,0.015194147439504785,0.8604389420371413
2020-08-13,0.5841305571187395,0.7141249296567248
2020-08-14,0.5925717501406865,0.6083286437816545
2020-08-17,0.10523353967360721,0.12549240292628025
2020-08-18,0.44231851435002817,0.07034327518289252
2020-08-19,0.7585818795723129,0.025323579065841307
2020-08-20,0.4153066966797974,0.9482273494653911
2020-08-21,0.6285875070343275,0.13505908835115363
2020-08-24,0.5329206527855938,0.6437816544738323
2020-08-25,0.477771525042206,0.5633089476646033
2020-08-26,0.7855936972425437,0.8002250984805853
2020-08-27,0.8328643781654474,0.07371975239167136
2020-08-28,0.5042205965109736,0.9330332020258864
2020-08-31,0.8868880135059088,0.3387283429873949
2020-09-01,0.7523916713562183,0.8356781091727631
2020-09-02,0.8052898142937536,0.3393359594822735
2020-09-03,0.979741136747327,0.7236916150815982
2020-09-04,0.6943859670276357,0.3269555430500844
2020-09-08,0.19696117051209905,0.4355655599324705
2020-09-09,0.033202025886325266,0.172763083849184
2020-09-10,0.7051209904333146,0.6820483961733258
2020-09-11,0.07835397928436325,0.35678109172763084
2020-09-14,0.35734383792909397,0.4428812605514913
2020-09-15,0.5734383792909398,0.12492965672481711
2020-09-16,0.49577940348902644,0.17332583005064717
2020-09-17,0.2684299380979178,0.18570624648283623
2020-09-18,0.586381541924592,0.15419245920090038
2020-09-21,0.8379290939786157,0.2886888013505909
2020-09-22,0.662915025323579,0.6010129431626337
2020-09-23,0.9026449071468768,0.7529544175576816
2020-09-24,0.33033202025886327,0.6916150815981993
2020-09-25,0.21271806415306696,0.5773776027011818
2020-09-28,0.53404614518852,0.5830050647158131
2020-09-29,0.3055711873944851,0.30782217220033764
2020-09-30,0.5554305008441193,0.6561620709060214
2020-10-01,0.6342149690489589,0.24029262802476084
2020-10-02,0.8176702307259426,0.5368598761958356
2020-10-05,0.18851997749015192,0.40630275745638716
2020-10-06,0.7101857062464828,0.6375914462577378
2020-10-07,0.17501406865503658,0.3697242543612831
2020-10-08,0.09397861564434441,0.7326955543050084
2020-10-09,0.024760832864378166,0.49577940348902644
2020-10-12,0.3235790658413056,0.14631401238041641
2020-10-13,0.6978052898142938,0.19696117051209905
2020-10-14,0.4603263927968486,0.5768148564997186
2020-10-15,0.6724817107484524,0.17670230725942598
2020-10-16,0.6584130557118739,0.6533483398987057
2020-10-19,0.8801350590883512,0.5120990433314575
2020-10-20,0.5728756330894766,0.4845244794597637
2020-10-21,0.2442318514350028,0.445694991558807
2020-10-22,0.2622397298818233,0.016319639842431066
2020-10-23,0.5936972425436129,0.6713562183455262
2020-10-26,0.9527293190770962,0.22341024198086662
2020-10-27,0.6291502532357907,0.5965109735509285
2020-10-28,0.983680360157569,0.2003376477208779
2020-10-29,0.7034474585677979,0.22791221159257175
2020-10-30,0.8812605514912775,0.6651660101294317
2020-11-02,0.27743387732132807,0.46539110861001687
2020-11-03,0.025886325267304448,0.5931344963421497
2020-11-04,0.7487270783058024,0.27124366910523356
2020-11-05,0.31795160382667415,0.3382104670793472
2020-11-06,0.24850784988198366,0.007878446820483963
2020-11-09,0.2639279684862127,0.1586944288126055
2020-11-10,0.16657287563308948,0.9938097917839055
2020-11-11,0.29769274057400114,0.5694991558806978
2020-11-12,0.9268429938097918,0.6021384355655599
2020-11-13,0.11002220432132592,0.18064153066966798
2020-11-16,0.22960045019696118,0.13111986494091163
2020-11-17,0.35790658413055715,0.3134496342149691
2020-11-18,0.855374226223973,0.15531795160382666
2020-11-19,0.32301631963984245,0.19808666291502533
2020-11-20,0.5357343837929094,0.3674732695554305
2020-11-23,0.3944850872256612,0.43275182892515474
2020-11-24,0.36522228474957796,0.9189645469893079
2020-11-25,0.12099043331457514,0.4276871131119865
2020-11-27,0.6510973550928532,0.2915025323579066
2020-11-30,0.3072594259988745,0.289251547552054
2020-12-01,0.6730444569499157,0.6516601012943163
2020-12-02,0.5211029825548678,0.449634214969049
2020-12-03,0.6719189645469893,0.5976364659538548
2020-12-04,0.37197523916713565,0.05008441193021947
2020-12-07,0.6449071468767587,0.7765897580191334
2020-12-08,0.13674732695554304,0.24985931344963422
2020-12-09,0.8508722566122678,0.5818795723128869
2020-12-10,0.6809229037703995,0.5813168261114238
2020-12-11,0.8587507034327518,0.3550928531232414
2020-12-14,0.7889701744513224,0.2189082723691615
2020-12-15,0.046707934721440636,0.5160382667416995
2020-12-16,0.1373100731570062,0.14856499718626898
2020-12-17,0.4164321890827237,0.28981429375351714
2020-12-18,0.7917839054586382,0.16375914462577376
2020-12-21,0.9335959482273495,0.7400112549240293
2020-12-22,0.31626336522228476,0.3280810354530107
2020-12-23,0.10185706246482837,0.6398424310635903
2020-12-24,0.2076533483398987,0.4563871693866067
2020-12-28,0.473832301631964,0.32583005064715814
2020-12-29,0.8615644344400676,0.606640405177265
2020-12-30,0.10973550928531232,0.3185143500281373
2020-12-31,0.5683736634777715,0.11705120990433315
2021-01-04,0.9617332583005065,0.4524479459763647
2021-01-05,0.10861001688238604,0.32976927405740014
2021-01-06,0.4918401800787845,0.11198649409116489
2021-01-07,0.07847875522572605,0.7608328643781654
2021-01-08,0.4395047833427124,0.9341586944288126
2021-01-11,0.9144625773776027,0.7208778840742825
2021-01-12,0.14800225098480585,0.4783342712436691
2021-01-13,0.35284186831738884,0.14912774338773213
2021-01-14,0.7096229600450197,0.5323579065841306
2021-01-15,0.7962858750703433,0.43106359032076536
2021-01-19,0.20258863252673043,0.2453573438379291
2021-01-20,0.289251547552054,0.638716938660664
2021-01-21,0.4608891389983118,0.16769836803601576
2021-01-22,0.7236916150815982,0.38491840180078785
2021-01-25,0.8655036578503096,0.694991558806978
2021-01-26,0.34721440630275746,0.42037141249296567
2021-01-27,0.9943725379853686,0.2920652785593697
2021-01-28,0.29093978615644345,0.8694428812605515
2021-01-29,0.923466516601013,0.5959482273494654
2021-02-01,0.0022509848058525606,0.7951603826674171
2021-02-02,0.6951678251380216,0.6370287000562747
2021-02-03,0.022509848058525607,0.594259988745076
2021-02-04,0.06302757456387169,0.40574001125492404
2021-02-05,0.5453010692177828,0.879009566685425
2021-02-08,0.46201463140123805,0.27743387732132807
2021-02-09,0.6381541924592009,0.261114237478897
2021-02-10,0.7220033764772088,0.051209904333145755
2021-02-11,0.2605514912774339,0.4811480022509848
2021-02-12,0.16319639842431063,0.5723128868880135
2021-02-16,0.598199212155318,0.7360720315137873
2021-02-17,0.3759144625773776,0.9184018007878447
2021-02-18,0.6820483961733258,0.22228474957794034
2021-02-19,0.0996060776589758,0.24479459763646597
2021-02-22,0.8705683736634778,0.31232414181204277
2021-02-23,0.0799099606077659,0.07934721440630277
2021-02-24,0.10692177827799663,0.7158131682611143
2021-02-25,0.9870568373663479,0.9026449071468768
2021-02-26,0.045019696117051214,0.8142937535171638
2021-03-01,0.58192328881147,0.5683736634777715
2021-03-02,0.7416994935284187,0.7501406865503658
2021-03-03,0.8795723128868881,0.35284186831738884
2021-03-04,0.8688801350590883,0.7124366910523354
2021-03-05,0.3939211862791395,0.9510410804727069
2021-03-08,0.7940348902644907,0.8238604389420372
2021-03-09,0.04333145751266179,0.8497467642093416
2021-03-10,0.4074282498593135,0.16432189082723692
2021-03-11,0.22341024198086662,0.30838491840180077
2021-03-12,0.33595948227349465,0.566122678671919
2021-03-15,0.005627462014631401,0.8677546426561621
2021-03-16,0.5841305571187395,0.45469893078221724
2021-03-17,0.05571187394485087,0.3449634214969049
2021-03-18,0.9082723691615082,0.31570061902082164
2021-03-19,0.16769836803601576,0.48002250984805855
2021-03-22,0.5470523272622916,0.3787281935846933
2021-03-23,0.8981429375351717,0.3522791221159257
2021-03-24,0.6482836240855374,0.2160945413618458
2021-03-25,0.17782779966235226,0.6831738885762522
2021-03-26,0.0967923466516601,0.7743387732132808
2021-03-29,0.8165447383230163,0.8801350590883512
2021-03-30,0.04783342712436691,0.4850872256612268
2021-03-31,0.4879009566685425,0.8221722003376477
2021-04-01,0.17895329206527855,0.8086662915025323
2021-04-05,0.18739448508722567,0.5053460889138999
2021-04-06,0.6865503657850309,0.1108610016882386
2021-04-07,0.18345526167698367,0.14687675858187957
2021-04-08,0.3674732695554305,0.4985931344963422
2021-04-09,0.5430500844119303,0.09116488463702871
2021-04-12,0.3635340461451885,0.7580191333708498
2021-04-13,0.45807540799099605,0.19020821609454136
2021-04-14,0.7844682048396173,0.12324141812042769
2021-04-15,0.1530669667979741,0.4124929656724817
2021-04-16,0.35396736072031515,0.2537985368598762
2021-04-19,0.8474957794034891,0.4704558244231852
2021-04-20,0.7827799662352279,0.05852560495216658
2021-04-21,0.028700056274620148,0.4749577940348903
2021-04-22,0.9302194710185706,0.353404614518852
2021-04-23,0.056837366347777155,0.3770399549803039
2021-04-26,0.47326955543050087,0.34440067529544177
2021-04-27,0.26955543050084413,0.7298818232976928
2021-04-28,0.5295441755768149,0.8643781654473832
2021-04-29,0.49015194147439506,0.22622397298818234
2021-04-30,0.8660664040517727,0.7844682048396173
2021-05-03,0.1108610016882386,0.7698368036015757
2021-05-04,0.8576252110298256,0.26336522228474957
2021-05-05,0.2537985368598762,0.6589758019133372
2021-05-06,0.4912774338773213,0.34271243669105234
2021-05-07,0.025821782371031454,0.2864378165447383
2021-05-10,0.879009566685425,0.11029825548677546
2021-05-11,0.9403489026449072,0.6859876195835678
2021-05-12,0.9909960607765897,0.32470455824423183
2021-05-13,0.8060823073997354,0.9549803038829489
2021-05-14,0.9194547834365325,0.3061339335959482
2021-05-17,0.7630838491840181,0.345526167698368
2021-05-18,0.8086662915025323,0.2858750703432752
2021-05-19,0.8745075970737198,0.15588069780528982
2021-05-20,0.02363534046145189,0.7900956668542488
2021-05-21,0.3826674169949353,0.13956105796285875
2021-05-24,0.05402363534046146,0.5008441193021947
2021-05-25,0.5841305571187395,0.3702870005627462
2021-05-26,0.046145188519977495,0.3882948790095667
2021-05-27,0.04051772650534609,0.7625211029825549
2021-05-28,0.7231288688801351,0.887450759707372
2021-06-01,0.7974113674732696,0.14068655036578503
2021-06-02,0.2425436128306134,0.441755768148565
2021-06-03,0.7535171637591447,0.5430500844119303
2021-06-04,0.024198086662915026,0.8981429375351717
2021-06-07,0.32864378165447383,0.05458638154192459
2021-06-08,0.7084974676420934,0.17726505346088914
2021-06-09,0.7276308384918402,0.6330894766460327
2021-06-10,0.04495699906525236,0.5807540799099606
2021-06-11,0.21102982554867755,0.2577377602701182
2021-06-14,0.6691052335396737,0.7073719752391672
2021-06-15,0.7822172200337648,0.7276308384918402
2021-06-16,0.6921778277996624,0.48339898705683737
2021-06-17,0.49296567248171075,0.9015194147439505
2021-06-18,0.9510410804727069,0.12605514912774338
2021-06-21,0.27416327682342984,0.32920652785593696
2021-06-22,0.04952166572875633,0.6100168823860439
2021-06-23,0.30106921778277995,0.6871131119864942
2021-06-24,0.2734946539110861,0.7484524479459764
2021-06-25,0.37141249296567247,0.35790658413055715
2021-06-28,0.5987619583567811,0.3489026449071469
2021-06-29,0.7473269555430501,0.2442318514350028
2021-06-30,0.4259988745075971,0.37197523916713565
2021-07-01,0.3798536859876196,0.8739448508722566
2021-07-02,0.5064715813168261,0.8081035453010692
2021-07-06,0.7929093978615644,0.24648283624085537
2021-07-07,0.6077658975801914,0.19245920090039392
2021-07-08,0.9257175014068655,0.47214406302757456
2021-07-09,0.4200340045137606,0.018007878446820485
2021-07-12,0.49971862689926844,0.7945976364659538
2021-07-13,0.7113111986494092,0.5514912774338774
2021-07-14,0.24873382104670794,0.678671918964547
2021-07-15,0.7248171074845245,0.062464828362408555
2021-07-16,0.8604389420371413,0.2543612830613393
2021-07-19,0.9842431063590321,0.537985368598762
2021-07-20,0.6401163797862672,0.1795160382667417
2021-07-21,0.36355098985991763,0.7720877884074283
2021-07-22,0.7484524479459764,0.7304445694991559
2021-07-23,0.48733821046707937,0.3365222284749578
2021-07-26,0.385481148002251,0.7833427124366911
2021-07-27,0.839054586381542,0.22903770399549803
2021-07-28,0.23297692740574,0.10298255486775465
2021-07-29,0.29487900956668545,0.5267304445694991
2021-07-30,0.8092290377039956,0.10973550928531232
2021-08-02,0.8531232414181205,0.7051209904333146
2021-08-03,0.03545301069217783,0.1277433877321328
2021-08-04,0.566122678671919,0.20821609454136183
2021-08-05,0.21947101857062465,0.855374226223973
2021-08-06,0.23466516601012943,0.6471581316826112
2021-08-09,0.4051772650534609,0.8435565559932471
2021-08-10,0.37535171637591447,0.48733821046707937
2021-08-11,0.20652785593697243,0.7000562746201463
2021-08-12,0.2718064153066967,0.23916713562183456
2021-08-13,0.5841305571187395,0.46764209341586943
2021-08-16,0.6302757456387169,0.028137310073157007
2021-08-17,0.8368036015756893,0.18739448508722567
2021-08-18,0.9285312324141812,0.6567248171074845
2021-08-19,0.8356781091727631,0.7118739448508723
2021-08-20,0.5476415235382566,0.3663477771525042
2021-08-23,0.1361845807540799,0.5143500281373101
2021-08-24,0.5441755768148565,0.29769274057400114
2021-08-25,0.2577377602701182,0.4918401800787845
2021-08-26,0.875070343275183,0.6606640405177265
2021-08-27,0.03038829487900957,0.513787281935847
2021-08-30,0.421496904895892,0.2746201463140124
2021-08-31,0.53404614518852,0.5216657287563309
2021-09-01,0.2245357343837929,0.5548677546426561
2021-09-02,0.5492402926280248,0.47945976364659537
2021-09-03,0.6899268429938098,0.30500844119302195
2021-09-07,0.7749015194147439,0.4963421496904896
2021-09-08,0.5559932470455825,0.8266741699493528
2021-09-09,0.7754642656162071,0.3646595385481148
2021-09-10,0.8401800787844682,0.12999437253798538
2021-09-13,0.1654473832301632,0.5745638716938661
2021-09-14,0.7360720315137873,0.5211029825548678
2021-09-15,0.08610016882386044,0.21159257175014068
2021-09-16,0.43106359032076536,0.1823297692740574
2021-09-17,0.9240292628024761,0.7191896454698931
2021-09-20,0.9707371975239167,0.6814856499718627
2021-09-21,0.11198649409116489,0.08441193021947102
2021-09-22,0.008441193021947103,0.20540236353404615
2021-09-23,0.11985981707621529,0.9003939223410242
2021-09-24,0.18401800787844683,0.8418683173888577
2021-09-27,0.6848621271806415,0.8052898142937536
2021-09-28,0.9690489589195274,0.6359032076533484
2021-09-29,0.7163759144625774,0.8655036578503096
2021-09-30,0.6100168823860439,0.7810917276308386
2021-10-01,0.1063590320765335,0.11592571750140687
2021-10-04,0.8199212155317952,0.09848058525604952
2021-10-05,0.11930219471018572,0.45863815419245924
2021-10-06,0.4085537422622397,0.8446820483961733
2021-10-07,0.11029825548677546,0.36803601575689365
2021-10-08,0.3207653348339899,0.6601012943162634
2021-10-11,0.7039954980303883,0.8773213280810355
2021-10-12,0.3185143500281373,0.967923466516601
2021-10-13,0.3196398424310636,0.5666854248733821
2021-10-14,0.016882386043894203,0.24929656724817106
2021-10-15,0.5717501406865504,0.8458075407990996
2021-10-18,0.293190770962296,0.8249859313449635
2021-10-19,0.44513224535734386,0.40180078784468204
2021-10-20,0.4597636465953855,0.6623522791221159
2021-10-21,0.15813168261114238,0.3072594259988745
2021-10-22,0.7625211029825549,0.09285312324141813
2021-10-25,0.1896454698930782,0.27687113111986494
2021-10-26,0.7552054023635341,0.5391108610016883
2021-10-27,0.7878446820483962,0.7895329206527856
2021-10-28,0.17670230725942598,0.14969048958919526
2021-10-29,0.6516601012943163,0.3027574563871694
2021-11-01,0.37929093978615647,0.8778840742824986
2021-11-02,0.22115925717501406,0.31907709622960045
2021-11-03,0.12211592571750142,0.32639279684862127
2021-11-04,0.7253798536859877,0.5453010692177828
2021-11-05,0.8441193021947102,0.23747889701744512
2021-11-08,0.6060776589758019,0.17220033764772089
2021-11-09,0.7400112549240293,0.24817107484524478
2021-11-10,0.7456387169386607,0.18683173888576252
2021-11-11,0.3140123804164322,0.9566685424873382
2021-11-12,0.14181204276871132,0.5740011254924029
2021-11-15,0.37816544738323016,0.3798536859876196
2021-11-16,0.606640405177265,0.5858187957231289
2021-11-17,0.7518289251547552,0.9178390545863816
2021-11-18,0.6657287563308948,0.046145188519977495
2021-11-19,0.7180641530669668,0.530106921778278
2021-11-22,0.7394485087225662,0.3168261114237479
2021-11-23,0.27293190770962295,0.8823860438942037
2021-11-24,0.3725379853685988,0.7315700619020822
2021-11-26,0.9971862689926844,0.18908272369161508
2021-11-29,0.9559113569268459,0.5188721881329803
2021-11-30,0.9831176139561059,0.5239167135621835
2021-12-01,0.9386606640405177,0.10692177827799663
2021-12-02,0.010692177827799663,0.14518851997749013
2021-12-03,0.9521665728756331,0.5762521102982555
2021-12-06,0.6561070319752484,0.4569499155880698
2021-12-07,0.8872596964821596,0.7861564434440068
2021-12-08,0.0016882386043894203,0.5064715813168261
2021-12-09,0.8137310073157007,0.5936972425436129
2021-12-10,0.25050211597641664,0.23466516601012943
2021-12-13,0.8649409116488463,0.4907146876758582
2021-12-14,0.7467642093415869,0.5149127743387732
2021-12-15,0.4712488861555353,0.6004501969611705
2021-12-16,0.8728193584693303,0.7664603263927968
2021-12-17,0.8339898705683737,0.12267867191896456
2021-12-20,0.8446820483961733,0.31457512661789533
2021-12-21,0.04389420371412493,0.578503095104108
2021-12-22,0.007315700619020821,0.7214406302757457
2021-12-23,0.39335959482273497,0.5649971862689926
2021-12-27,0.2549240292628025,0.3314575126617895
2021-12-28,0.23072594259988746,0.806978052898143
2021-12-29,0.2386043894203714,0.41980866629150254
2021-12-30,0.5694991558806978,0.6072031513787282
2021-12-31,0.4665166010129432,0.5526167698368036
2022-01-03,0.12267867191896456,0.5171637591446258
2022-01-04,0.5689364096792346,0.6178953292065279
2022-01-05,0.9380979178390546,0.9324704558244232
2022-01-06,0.6646032639279685,0.3972988182329769
2022-01-07,0.1935846933033202,0.22397298818232977
2022-01-10,0.321328081035453,0.23297692740574
2022-01-11,0.1389983117613956,0.18851997749015192
2022-01-12,0.4248733821046708,0.49015194147439506
2022-01-13,0.9200900393922341,0.05908835115362972
2022-01-14,0.35115362971299946,0.08384918401800788
2022-01-18,0.9392234102419809,0.6674169949352842
2022-01-19,0.7951603826674171,0.42262239729881823
2022-01-20,0.8716938660664041,0.2605514912774339
2022-01-21,0.9583567810917276,0.17895329206527855
2022-01-24,0.7726505346088914,0.2583005064715813
2022-01-25,0.6792346651660102,0.6432189082723692
2022-01-26,0.734946539110861,0.3235790658413056
2022-01-27,0.6814856499718627,0.9335959482273495
2022-01-28,0.2090914450627793,0.8795723128868881
2022-01-31,0.31666384303012274,0.36128306133933596
2022-02-01,0.5210248816965448,0.3207653348339899
2022-02-02,0.30219471018570626,0.16207090602138435
2022-02-03,0.9746764209341587,0.18007878446820483
2022-02-04,0.13449634214969047,0.8626899268429938
2022-02-07,0.2144063027574564,0.6679797411367473
2022-02-08,0.052335396736072036,0.3033202025886325
2022-02-09,0.10410804727068093,0.810917276308385
2022-02-10,0.9577940348902645,0.509848058525605
2022-02-11,0.9803038829487901,0.7979741136747327
2022-02-14,0.5841305571187395,0.12661789532920653
2022-02-15,0.63693489691325,0.3939223410241981
2022-02-16,0.09848058525604952,0.5351716375914463
2022-02-17,0.9735509285312325,0.2312886888013506
2022-02-18,0.8024760832864378,0.10241980866629151
2022-02-22,0.5047833427124367,0.18289251547552055
2022-02-23,0.9037703995498031,0.8210467079347215
2022-02-24,0.1755768148564997,0.26955543050084413
2022-02-25,0.08328643781654474,0.8885762521102983
2022-02-28,0.8919527293190771,0.45132245357343836
2022-03-01,0.9696117051209905,0.10917276308384918
2022-03-02,0.1439348594447708,0.23353967360720315
2022-03-03,0.634777715250422,0.8925154755205402
2022-03-04,0.8694428812605515,0.39898705683736635
2022-03-07,0.9538548114800225,0.10016882386043895
2022-03-08,0.43444006752954417,0.7855936972425437
2022-03-09,0.08441193021947102,0.727068092290377
2022-03-10,0.06527855936972426,0.618458075407991
2022-03-11,0.7546426561620709,0.6696679797411368
2022-03-14,0.8334271243669106,0.9786156443444007
2022-03-15,0.15756893640967923,0.8891389983117615
2022-03-16,0.8639557740935166,0.5109735509285313
2022-03-17,0.36128306133933596,0.8531232414181205
2022-03-18,0.04727068092290378,0.17051209904333145
2022-03-21,0.4192459200900394,0.9110861001688239
2022-03-22,0.325267304445695,0.7113111986494092
2022-03-23,0.5537422622397299,0.9898705683736635
2022-03-24,0.25998874507597075,0.26674169949352844
2022-03-25,0.19583567810917277,0.9690489589195274
2022-03-28,0.3691615081598199,0.37084974676420934
2022-03-29,0.05008441193021947,0.9780528981429376
2022-03-30,0.7006190208216094,0.11311198649409117
2022-03-31,0.891389983117614,0.09257756492354036
2022-04-01,0.13956105796285875,0.2301631963984243
2022-04-04,0.019696117051209907,0.9223410241980867
2022-04-05,0.9482273494653911,0.6201463140123804
2022-04-06,0.7867191896454699,0.9206527855936972
2022-04-07,0.19133370849746764,0.5002813731007316
2022-04-08,0.5841305571187395,0.7253798536859877
2022-04-11,0.9065841305571187,0.6691052335396737
2022-04-12,0.6888013505908835,0.955543050084412
2022-04-13,0.3342984488088897,0.38942037141249297
2022-04-14,0.7923466516601013,0.4079909960607766
2022-04-18,0.37760270118176703,0.7692740574001126
2022-04-19,0.03770399549803039,0.7962858750703433
2022-04-20,0.2543612830613393,0.9926842993809792
2022-04-21,0.9330332020258864,0.31901268355898144
2022-04-22,0.9774901519414745,0.7338210467079348
2022-04-25,0.24985931344963422,0.6077658975801914
2022-04-26,0.9673607203151379,0.03657850309510411
2022-04-27,0.7664603263927968,0.14181204276871132
2022-04-28,0.027574563871693866,0.9577940348902645
2022-04-29,0.9369724254361284,0.9954980303882949
2022-05-02,0.38097917839054585,0.04783342712436691
2022-05-03,0.04150458442683799,0.5272931907709623
2022-05-04,0.7847966051649901,0.44400675295441755
2022-05-05,0.991558806978053,0.033202025886325266
2022-05-06,0.3871693866066404,0.9521665728756331
2022-05-09,0.9420371412492966,0.7467642093415869
2022-05-10,0.15588069780528982,0.19133370849746764
2022-05-11,0.449634214969049,0.41699493528418685
2022-05-12,0.3314575126617895,0.1305571187394485
2022-05-13,0.2452566690382998,0.21765352991791534
2022-05-16,0.08047270680922904,0.911648846370287
2022-05-17,0.24198086662915025,0.13280810354530106
2022-05-18,0.9859313449634215,0.8159819921215532
2022-05-19,0.23763837592760573,0.5363278705765926
2022-05-20,0.6308384918401801,0.3691615081598199
2022-05-23,0.3624085537422622,0.501969611705121
2022-05-24,0.6319639842431064,0.3905458638154192
2022-05-25,0.2644907146876759,0.003376477208778841
2022-05-26,0.41755768148565,0.7265053460889139
2022-05-27,0.10917276308384918,0.3556555993247046
2022-05-31,0.3393359594822735,0.803038829487901
2022-06-01,0.47889701744513224,0.9347214406302757
2022-06-02,0.28812605514912776,0.9741136747326956
2022-06-03,0.691052335396736,0.2847495779403489
2022-06-06,0.40630275745638716,0.8970174451322454
2022-06-07,0.20427687113111986,0.9763646595385481
2022-06-08,0.5841305571187395,0.8649409116488463
2022-06-09,0.8897017445132246,0.9814293753517164
2022-06-10,0.9122115925717502,0.43050084411930223
2022-06-13,0.9808666291502532,0.7231288688801351
2022-06-14,0.18458075407990995,0.11142374788970175
2022-06-15,0.0005627462014631402,0.9454136184580755
2022-06-16,0.9206527855936972,0.03750458049751123
2022-06-17,0.19020821609454136,0.6067455449085869
2022-06-21,0.29938097917839057,0.30388294879009564
2022-06-22,0.09622960045019696,0.9561057962858751
2022-06-23,0.5841305571187395,0.2622397298818233
2022-06-24,0.2886888013505909,0.035254849072357396
2022-06-27,0.18007878446820483,0.6235227912211593
2022-06-28,0.8216094541361846,0.7096229600450197
2022-06-29,0.6122678671918965,0.8379290939786157
2022-06-30,0.6904895891952729,0.8058525604952167
2022-07-01,0.22622397298818234,0.05514912774338773
2022-07-05,0.5706246482836241,0.8902644907146877
2022-07-06,0.3505908835115363,0.21722003376477209
2022-07-07,0.4147439504783343,0.7523916713562183
2022-07-08,0.2847495779403489,0.3978615644344401
2022-07-11,0.818795723128869,0.7163759144625774
2022-07-12,0.6933033202025887,0.9459763646595386
2022-07-13,0.3646595385481148,0.08722566122678672
2022-07-14,0.5998874507597074,0.9127743387732133
2022-07-15,0.03263927968486213,0.9662352279122116
2022-07-18,0.8221722003376477,0.09397861564434441
2022-07-19,0.3742262239729882,0.3725379853685988
2022-07-20,0.2678671918964547,0.41305571187394485
2022-07-21,0.22734946539110862,0.6032639279684863
2022-07-22,0.5075970737197524,0.17425587763321146
2022-07-25,0.39167135621834553,0.057400112549240295
2022-07-26,0.7850309510410804,0.5374226223972989
2022-07-27,0.1823297692740574,0.8036015756893641
2022-07-28,0.02926280247608329,0.045582442318514355
2022-07-29,0.4400675295441756,0.6033631963218287
2022-08-01,0.8480585256049522,0.02363534046145189
2022-08-02,0.6944288126055149,0.6934729106770221
2022-08-03,0.03489026449071469,0.9887450759707372
2022-08-04,0.618458075407991,0.8300506471581317
2022-08-05,0.2301631963984243,0.2876299396555036
2022-08-08,0.6432189082723692,0.9943725379853686
2022-08-09,0.6651660101294317,0.28024760832864376
2022-08-10,0.003376477208778841,0.6921778277996624
2022-08-11,0.6769836803601575,0.861372081822002
2022-08-12,0.3939223410241981,0.5756893640967924
2022-08-15,0.35959482273494653,0.6578503095104108
2022-08-16,0.6696679797411368,0.33202025886325265
2022-08-17,0.5126617895329206,0.95160382667417
2022-08-18,0.35678109172763084,0.8587507034327518
2022-08-19,0.8930782217220035,0.9043331457512662
2022-08-22,0.9223410241980867,0.9611705120990434
2022-08-23,0.33708497467642096,0.7867191896454699
2022-08-24,0.1586944288126055,0.05346088913899832
2022-08-25,0.14631401238041641,0.6882386043894204
2022-08-26,0.9645469893078222,0.14012380416432188
2022-08-29,0.44119302194710186,0.9217782779966236
2022-08-30,0.7433877321328082,0.9420371412492966
2022-08-31,0.30782217220033764,0.5509285312324141
2022-09-01,0.4704558244231852,0.8103545301069218
2022-09-02,0.6854248733821047,0.8806978052898143
2022-09-06,0.7703995498030388,0.39617332583005066
2022-09-07,0.021947101857062466,0.9977490151941475
2022-09-08,0.36072031513787284,0.919527293190771
2022-09-09,0.4316263365222285,0.25323579065841306
2022-09-12,0.505908835115363,0.04746811061534386
2022-09-13,0.9504783342712437,0.4321890827236916
2022-09-14,0.5481148002250985,0.9842431063590321
2022-09-15,0.5475520540236354,0.32676155460542955
2022-09-16,0.5841305571187395,0.7343837929093979
2022-09-19,0.17051209904333145,0.120427687113112
2022-09-20,0.8413055711873945,0.7450759707371976
2022-09-21,0.8351153629713,0.6994935284186832
2022-09-22,0.4952166572875633,0.859313449634215
2022-09-23,0.9133370849746765,0.7163577804828971
2022-09-26,0.8452447945976365,0.9532920652785594
2022-09-27,0.7265053460889139,0.9133370849746765
2022-09-28,0.07878446820483963,0.6156443444006753
2022-09-29,0.8182329769274058,0.23972988182329769
2022-09-30,0.7805289814293753,0.4631401238041643
2022-10-03,0.051772650534608895,0.702870005627462
2022-10-04,0.12324141812042769,0.23579065841305571
2022-10-05,0.6702307259425999,0.0770962296004502
2022-10-06,0.8210467079347215,0.8424310635903208
2022-10-07,0.8677546426561621,0.8120427687113112
2022-10-10,0.7934721440630276,0.731007315700619
2022-10-11,0.7315700619020822,0.5841305571187395
2022-10-12,0.4485087225661227,0.5886325267304446
2022-10-13,0.1963984243106359,0.8919527293190771
2022-10-14,0.7658975801913337,0.7957231288688802
2022-10-17,0.23241418120427687,0.9600450196961171
2022-10-18,0.3066966797974114,0.6640405177265054
2022-10-19,0.6674169949352842,0.614518851997749
2022-10-20,0.39335959482273497,0.8131682611142375
2022-10-21,0.5312324141812043,0.6741699493528419
2022-10-24,0.3556555993247046,0.7990932329637721
2022-10-25,0.09229037703995499,0.9268429938097918
2022-10-26,0.25211029825548675,0.04952166572875633
2022-10-27,0.3005064715813168,0.5927697078048126
2022-10-28,0.2470455824423185,0.5464265616207091
2022-10-31,0.3663477771525042,0.9712999437253799
2022-11-01,0.4355655599324705,0.9020821609454136
2022-11-02,0.8058525604952167,0.061902082160945414
2022-11-03,0.27011817670230726,0.4220596510973551
2022-11-04,0.40011254924029266,0.7630838491840181
2022-11-07,0.4468204839617333,0.35735497702316427
2022-11-08,0.8041643218908273,0.297129994372538
2022-11-09,0.8261114237478897,0.11297695350750821
2022-11-10,0.014068655036578503,0.90320765334834
2022-11-11,0.40911648846370285,0.9896536441347722
2022-11-14,0.5683736634777715,0.7853423887913134
2022-11-15,0.7062464828362409,0.8075407990996061
2022-11-16,0.22397298818232977,0.005064715813168261
2022-11-17,0.45188519977490155,0.691052335396736
2022-11-18,0.4209341586944288,0.9414743950478335
2022-11-21,0.21834552616769837,0.3275182892515476
2022-11-22,0.13562183455261675,0.9859313449634215
2022-11-23,0.27687113111986494,0.03882948790095667
2022-11-25,0.6268992684299382,0.08497467642093416
2022-11-28,0.8525604952166573,0.7754642656162071
2022-11-29,0.3832301631963984,0.19977490151941474
2022-11-30,0.10467079347214407,0.45807540799099605
2022-12-01,0.3460889138998312,0.2842138337411503
2022-12-02,0.2954417557681486,0.8151255607292578
2022-12-05,0.7597073719752392,0.08047270680922904
2022-12-06,0.814856499718627,0.9909960607765897
2022-12-07,0.7208778840742825,0.6280247608328644
2022-12-08,0.31063590320765333,0.144625773776027
2022-12-09,0.7861564434440068,0.6268992684299382
2022-12-12,0.48677546426561624,0.5205402363534046
2022-12-13,0.0770962296004502,0.8857625211029826
2022-12-14,0.11367473269555431,0.7072052994598975
2022-12-15,0.9217782779966236,0.2684299380979178
2022-12-16,0.6471581316826112,0.9932470455824424
2022-12-19,0.2189082723691615,0.013505908835115365
2022-12-20,0.4569499155880698,0.6595385481148003
2022-12-21,0.12492965672481711,0.9968403145602558
2022-12-22,0.9003939223410242,0.7788407428249859
2022-12-23,0.2037141249296567,0.42993809791783905
2022-12-27,0.5908835115362971,0.41755768148565
2022-12-28,0.5655599324704559,0.8767585818795723
2022-12-29,0.3882948790095667,0.8137310073157007
2022-12-30,0.5182892515475521,0.004501969611705121
2023-01-03,0.5171637591446258,0.3984243106359032
2023-01-04,0.1862689926842994,0.7687113111986494
2023-01-05,0.6775464265616208,0.9375351716375915
2023-01-06,0.24929656724817106,0.947664603263928
2023-01-09,0.6415306696679798,0.41094429070265015
2023-01-10,0.07090602138435566,0.3421496904895892
2023-01-11,0.646595385481148,0.7135621834552617
2023-01-12,0.03657850309510411,0.2926280247608329
2023-01-13,0.2453573438379291,0.9295225016947536
2023-01-17,0.678671918964547,0.6657287563308948
2023-01-18,0.8424310635903208,0.4068655036578503
2023-01-19,0.6359032076533484,0.6443444006752954
2023-01-20,0.14012380416432188,0.31063590320765333
2023-01-23,0.42712436691052336,0.9386606640405177
2023-01-24,0.13393359594822735,0.9639842431063591
2023-01-25,0.562183455261677,0.1992121553179516
2023-01-26,0.3905458638154192,0.014068655036578503
2023-01-27,0.3348339898705684,0.8277996623522792
2023-01-30,0.8193584693303321,0.48677546426561624
2023-01-31,0.26561620709060213,0.8508722566122678
2023-02-01,0.1333708497467642,0.19302194710185705
2023-02-02,0.7968486212718064,0.48564143947744565
2023-02-03,0.6589758019133372,0.5481148002250985
2023-02-06,0.8036015756893641,0.9994372537985369
2023-02-07,0.17895329206527855,0.8441193021947102
2023-02-08,0.8666291502532358,0.5389189388721158
2023-02-09,0.8120427687113112,0.6972425436128307
2023-02-10,0.7169386606640406,0.5531795160382668
2023-02-13,0.12661789532920653,0.4642656162070906
2023-02-14,0.10804727068092292,0.8930782217220035
2023-02-15,0.3027574563871694,0.8564997186268993
2023-02-16,0.9015194147439505,0.9200900393922341
2023-02-17,0.6392796848621272,0.5796285875070344
2023-02-21,0.9375351716375915,0.4603263927968486
2023-02-22,0.17445132245357342,0.8486212718064153
2023-02-23,0.14969048958919526,0.40461451885199773
2023-02-24,0.8564997186268993,0.22566122678671918
2023-02-27,0.1288688801350591,0.9853685987619584
2023-02-28,0.268992684299381,0.3764772087788407
2023-03-01,0.6561620709060214,0.4625773776027012
2023-03-02,0.1305571187394485,0.32864378165447383
2023-03-03,0.1682611142374789,0.7923466516601013
2023-03-06,0.42656162070906023,0.046707934721440636
2023-03-07,0.7670230725942601,0.5554305008441193
2023-03-08,0.29431626336522226,0.9701744513224536
2023-03-09,0.9701744513224536,0.32245357343837927
2023-03-10,0.967923466516601,0.050647158131682614
2023-03-13,0.8306133933595948,0.3448044570283726
2023-03-14,0.009566685424873383,0.6981211805403023
2023-03-15,0.9364096792346652,0.9656724817107485
2023-03-16,0.7311862042612917,0.4220066931852736
2023-03-17,0.9684862127180642,0.7540799099606078
2023-03-20,0.07371975239167136,0.006752954417557681
2023-03-21,0.7890800111543695,0.03489026449071469
2023-03-22,0.8570624648283625,0.9279684862127181
2023-03-23,0.827236916150816,0.06380846995156782
2023-03-24,0.07203151378728194,0.2144063027574564
2023-03-27,0.09904333145751266,0.42374788970174454
2023-03-28,0.2583005064715813,0.7248171074845245
2023-03-29,0.1570061902082161,0.30106921778277995
2023-03-30,0.5616207090602139,0.9791783905458639
2023-03-31,0.5346088913899831,0.8463702870005628
2023-04-03,0.2160945413618458,0.5638716938660664
2023-04-04,0.7512661789532921,0.010692177827799663
2023-04-05,0.48171074845244793,0.04727068092290378
2023-04-06,0.3275182892515476,0.11986494091164886
2023-04-10,0.4254361283061339,0.7495779403489027
2023-04-11,0.4642656162070906,0.9707371975239167
2023-04-12,0.594259988745076,0.5441755768148565
2023-04-13,0.14856499718626898,0.1373100731570062
2023-04-14,0.3590320765334834,0.10354530106921779
2023-04-17,0.2003376477208779,0.975801913337085
2023-04-18,0.4530106921778278,0.7636465953854812
2023-04-19,0.5593697242543613,0.19189645469893077
2023-04-20,0.7720877884074283,0.8548114800225098
2023-04-21,0.32245357343837927,0.06978052898142938
2023-04-24,0.5413618458075408,0.41418120427687116
2023-04-25,0.9431626336522229,0.5402363534046145
2023-04-26,0.22509848058525606,0.19583567810917277
2023-04-27,0.06584130557118739,0.25717501406865506
2023-04-28,0.06921778277996624,0.6865503657850309
2023-05-01,0.40292628024760835,0.9971862689926844
2023-05-02,0.8829487900956668,0.9504783342712437
2023-05-03,0.8159819921215532,0.014631401238041644
2023-05-04,0.8925154755205402,0.7148714930806495
2023-05-05,0.5877215048329799,0.20146314012380417
2023-05-08,0.34271243669105234,0.9369724254361284
2023-05-09,0.7681485649971863,0.34721440630275746
2023-05-10,0.18908272369161508,0.6133933595948228
2023-05-11,0.44794597636465955,0.07348293351217647
2023-05-12,0.558244231851435,0.7321328081035453
2023-05-15,0.26280247608328644,0.9667979741136747
2023-05-16,0.8013505908835116,0.622397298818233
2023-05-17,0.15362971299943726,0.7146876758581879
2023-05-18,0.09116488463702871,0.9538548114800225
2023-05-19,0.8075407990996061,0.9302194710185706
2023-05-22,0.6128306133933596,0.03714124929656725
2023-05-23,0.7293190770962297,0.9251547552054024
2023-05-24,0.871131119864941,0.3804164321890827
2023-05-25,0.23747889701744512,0.8570624648283625
2023-05-26,0.09791783905458638,0.8722566122678672
2023-05-30,0.21553179516038268,0.18458075407990995
2023-05-31,0.4558244231851435,0.09791783905458638
2023-06-01,0.011254924029262803,0.09003939223410243
2023-06-02,0.09003939223410243,0.20090039392234102
2023-06-05,0.28756330894766463,0.971862689926843
2023-06-06,0.03705563638169548,0.05571187394485087
2023-06-07,0.6634777715250422,0.5559932470455825
2023-06-08,0.20540236353404615,0.7034327518289252
2023-06-09,0.69893078221722,0.021384355655599326
2023-06-12,0.6201463140123804,0.7816544738323017
2023-06-13,0.5030951041080473,0.5126617895329206
2023-06-14,0.19977490151941474,0.8660664040517727
2023-06-15,0.8204839617332583,0.3005064715813168
2023-06-16,0.08666291502532358,0.65053460889139
2023-06-20,0.622397298818233,0.46201463140123805
2023-06-21,0.27124366910523356,0.1288688801350591
2023-06-22,0.2903770399549803,0.6848621271806415
2023-06-23,0.7073719752391672,0.963421496904896
2023-06-26,0.5284186831738886,0.7732132808103546
2023-06-27,0.24085537422622397,0.37760270118176703
2023-06-28,0.11592571750140687,0.7225661226786719
2023-06-29,0.7839054586381542,0.7715250422059652
2023-06-30,0.3269555430500844,0.7039954980303883
2023-07-03,0.46539110861001687,0.20427687113111986
2023-07-05,0.7563308947664603,0.3196398424310636
2023-07-06,0.9020821609454136,0.5042205965109736
2023-07-07,0.26336522228474957,0.14350028137310072
2023-07-10,0.4637028700056275,0.5572460714264498
2023-07-11,0.4625773776027012,0.04220596510973551
2023-07-12,0.009003939223410242,0.0039392234102419805
2023-07-13,0.6606640405177265,0.6269540582408123
2023-07-14,0.40180078784468204,0.268992684299381
2023-07-17,0.5464265616207091,0.8323016319639843
2023-07-18,0.3550928531232414,0.47608328643781656
2023-07-19,0.7771525042205966,0.6550365785030952
2023-07-20,0.5548677546426561,0.814856499718627
2023-07-21,0.38942037141249297,0.6404051772650535
2023-07-24,0.3483398987056837,0.987619583567811
2023-07-25,0.5588069780528981,0.27968486212718063
2023-07-26,0.22678671918964546,0.11367473269555431
2023-07-27,0.8987056837366348,0.13562183455261675
2023-07-28,0.0827236916150816,0.3929289060341337
2023-07-31,0.43275182892515474,0.9881823297692741
2023-08-01,0.7141249296567248,0.9752391671356219
2023-08-02,0.9600450196961171,0.8384918401800788
2023-08-03,0.4991558806978053,0.6938660664040518
2023-08-04,0.8458075407990996,0.0714687675858188
2023-08-07,0.02701181767023073,0.07765897580191335
2023-08-08,0.7765897580191334,0.8401800787844682
2023-08-09,0.4220596510973551,0.8733821046707935
2023-08-10,0.6218345526167699,0.738885762521103
2023-08-11,0.09341586944288127,0.9425998874507597
2023-08-14,0.3365222284749578,0.4147439504783343
2023-08-15,0.9093978615644345,0.8232976927405741
2023-08-16,0.7371975239167136,0.5706246482836241
2023-08-17,0.8885762521102983,0.8598761958356781
2023-08-18,0.23353967360720315,0.11648846370287001
2023-08-21,0.2228474957794035,0.19471018570624649
2023-08-22,0.6246482836240855,0.9077096229600451
2023-08-23,0.15250422059651098,0.16882386043894204
2023-08-24,0.8598761958356781,0.019133370849746766
2023-08-25,0.06640405177265053,0.9651097355092854
2023-08-28,0.10748452447945978,0.7422622397298818
2023-08-29,0.22003376477208778,0.3871693866066404
2023-08-30,0.14406302757456388,0.1682611142374789
2023-08-31,0.3342712436691052,0.5256049521665729
2023-09-01,0.3764772087788407,0.11423747889701745
2023-09-05,0.6961170512099043,0.7568936409679234
2023-09-06,0.7343837929093979,0.9060213843556556
2023-09-07,0.5514912774338774,0.6173325830050648
2023-09-08,0.30163196398424313,0.20652785593697243
2023-09-11,0.22566122678671918,0.2965672481710748
2023-09-12,0.6713562183455262,0.1879572312886888
2023-09-13,0.33258300506471583,0.7518289251547552
2023-09-14,0.1812042768711311,0.5801913337084975
2023-09-15,0.859313449634215,0.5407990996060776
2023-09-18,0.4805852560495217,0.6944288126055149
2023-09-19,0.48002250984805855,0.26561620709060213
2023-09-20,0.8548114800225098,0.541924592009004
2023-09-21,0.9425998874507597,0.8024760832864378
2023-09-22,0.6038266741699494,0.09904333145751266
2023-09-25,0.5458638154192459,0.875070343275183
2023-09-26,0.9651097355092854,0.6876758581879573
2023-09-27,0.04276871131119865,0.610579628587507
2023-09-28,0.06133933595948228,0.7287563308947664
2023-09-29,0.7462014631401238,0.3342712436691052
2023-10-02,0.6178953292065279,0.5897580191333709
2023-10-03,0.959482273494654,0.6510973550928532
2023-10-04,0.03207653348339899,0.10861001688238604
2023-10-05,0.4006752954417558,0.29093978615644345
2023-10-06,0.3731007315700619,0.15925717501406864
2023-10-09,0.38773213280810354,0.8452447945976365
2023-10-10,0.15081598199212154,0.060213843556556
2023-10-11,0.3308947664603264,0.646595385481148
2023-10-12,0.7782779966235228,0.7084974676420934
2023-10-13,0.975801913337085,0.863252673044457
2023-10-16,0.8278840704001909,0.29431626336522226
2023-10-17,0.810917276308385,0.4473832301631964
2023-10-18,0.9138998311761396,0.5734383792909398
2023-10-19,0.8936409679234666,0.42824985931344967
2023-10-20,0.6752954417557682,0.4839617332583005
2023-10-23,0.13168261114237478,0.4974676420934159
2023-10-24,0.06809229037703995,0.3635340461451885
2023-10-25,0.919527293190771,0.5030951041080473
2023-10-26,0.6876758581879573,0.6218345526167699
2023-10-27,0.8362408553742262,0.6336522228474958
2023-10-30,0.49841211617828396,0.11817670230725943
2023-10-31,0.2829038602474358,0.12211592571750142
2023-11-01,0.06471581316826112,0.9904333145751266
2023-11-02,0.15644344400675295,0.09060213843556557
2023-11-03,0.24760832864378166,0.3826674169949353
2023-11-06,0.15419245920090038,0.02982554867754643
2023-11-07,0.5008441193021947,0.7771525042205966
2023-11-08,0.33202025886325265,0.7045582442318514
2023-11-09,0.8626899268429938,0.7355092853123242
2023-11-10,0.07034327518289252,0.7462014631401238
2023-11-13,0.469893078221722,0.5284186831738886
2023-11-14,0.4293753517163759,0.5689364096792346
2023-11-15,0.2706809229037704,0.015194147439504785
2023-11-16,0.3657850309510411,0.8519977490151942
2023-11-17,0.3702870005627462,0.16094541361845807
2023-11-20,0.46933033202025887,0.07822172200337649
2023-11-21,0.28081035453010694,0.36883092594901856
2023-11-22,0.6916150815981993,0.30219471018570626
2023-11-24,0.06978052898142938,0.570061902082161
2023-11-27,0.6460326392796849,0.39335959482273497
2023-11-28,0.3995498030388295,0.018570624648283626
2023-11-29,0.727068092290377,0.17133708219527294
2023-11-30,0.353404614518852,0.4209341586944288
2023-12-01,0.4884637028700056,0.9099606077658976
2023-12-04,0.6477208778840743,0.41250635907127997
2023-12-05,0.4462577377602701,0.9065841305571187
2023-12-06,0.6555993247045583,0.34383792909397864
2023-12-07,0.5841305571187395,0.4400675295441756
2023-12-08,0.19302194710185705,0.9143332656685499
2023-12-11,0.2779966235227912,0.8536859876195836
2023-12-12,0.1992121553179516,0.9364096792346652
2023-12-13,0.3866066404051773,0.06359032076533484
2023-12-14,0.5267304445694991,0.8560358866104225
2023-12-15,0.831176139561058,0.15475520540236354
2023-12-18,0.6083286437816545,0.4637028700056275
2023-12-19,0.731007315700619,0.7175014068655037
2023-12-20,0.9161508159819921,0.9487900956668542
2023-12-21,0.24029262802476084,0.208778840742825
2023-12-22,0.25604952166572875,0.3059847702365697
2023-12-26,0.20990433314575127,0.35959482273494653
2023-12-27,0.088351153629713,0.6212718064153067
2023-12-28,0.550365785030951,0.019696117051209907
2023-12-29,0.6235227912211593,0.4608891389983118
2024-01-02,0.5841305571187395,0.5751266178953293
2024-01-03,0.8463702870005628,0.9290939786156444
2024-01-04,0.5604952166572876,0.891389983117614
2024-01-05,0.15531795160382666,0.9825548677546427
2024-01-08,0.24141812042768712,0.4034890264490715
2024-01-09,0.2723691615081598,0.1615081598199212
2024-01-10,0.42824985931344967,0.5920090039392234
2024-01-11,0.5227912211592571,0.959482273494654
2024-01-12,0.7326955543050084,0.09229037703995499
2024-01-16,0.8384918401800788,0.8345526167698368
2024-01-17,0.8581879572312887,0.9684862127180642
2024-01-18,0.120427687113112,0.8908272369161508
2024-01-19,0.24817107484524478,0.4468204839617333
2024-01-22,0.13505908835115363,0.43669105233539673
2024-01-23,0.2284749577940349,0.4541361845807541
2024-01-24,0.803038829487901,0.5227912211592571
2024-01-25,0.706809229037704,0.1063590320765335
2024-01-26,0.41418120427687116,0.5396736072031514
2024-01-29,0.7090602138435566,0.7129994372537986
2024-01-30,0.32470455824423183,0.10073157006190209
2024-01-31,0.899268429938098,0.36691052335396734
2024-02-01,0.445694991558807,0.20990433314575127
2024-02-02,0.5402363534046145,0.14406302757456388
2024-02-05,0.12718064153066966,0.9893078221722004
2024-02-06,0.236916150815982,0.5436128306133934
2024-02-07,0.5087225661226786,0.06133933595948228
2024-02-08,0.5081598199212155,0.6364659538548115
2024-02-09,0.6893640967923467,0.9442881260551491
2024-02-12,0.7478897017445133,0.37141249296567247
2024-02-13,0.935284186831739,0.6139561057962859
2024-02-14,0.015756893640967926,0.9572312886888014
2024-02-15,0.45920090039392236,0.32301631963984245
2024-02-16,0.5576814856499719,0.12943162633652222
2024-02-20,0.8249859313449635,0.5717501406865504
2024-02-21,0.5233539673607204,0.22734946539110862
2024-02-22,0.2926280247608329,0.710748452447946
2024-02-23,0.10016882386043895,0.5334833989870569
2024-02-26,0.42993809791783905,0.45075970737197524
2024-02-27,0.3404614518851998,0.4890264490714688
2024-02-28,0.7321328081035453,0.385481148002251
2024-02-29,0.3770399549803039,0.5616207090602139
2024-03-01,0.6049521665728756,0.1429375351716376
2024-03-04,0.5672481710748453,0.4462577377602701
2024-03-05,0.8643781654473832,0.6752954417557682
2024-03-06,0.6370287000562747,0.19752391671356218
2024-03-07,0.4772087788407428,0.07203151378728194
2024-03-08,0.806978052898143,0.17694337670598334
2024-03-11,0.43669105233539673,0.021947101857062466
2024-03-12,0.03601575689364097,0.41024198086662916
2024-03-13,0.48283624085537424,0.8958919527293191
2024-03-14,0.8097917839054587,0.44231851435002817
2024-03-15,0.7501406865503658,0.8407428249859313
2024-03-18,0.27968486212718063,0.8351153629713
2024-03-19,0.22059651097355093,0.5790658413055711
2024-03-20,0.2217220033764772,0.983680360157569
2024-03-21,0.501969611705121,0.2594259988745076
2024-03-22,0.6398424310635903,0.8846370287000563
2024-03-25,0.4783342712436691,0.23072594259988746
2024-03-26,0.526167698368036,0.4884637028700056
2024-03-27,0.3134496342149691,0.558244231851435
2024-03-28,0.7777152504220597,0.28137310073157007
2024-04-01,0.6404051772650535,0.4119302194710186
2024-04-02,0.8064153066966798,0.5728756330894766
2024-04-03,0.5132245357343838,0.413618458075408
2024-04-04,0.8823860438942037,0.469893078221722
2024-04-05,0.7568936409679234,0.25211029825548675
2024-04-08,0.08891389983117615,0.6966797974113675
2024-04-09,0.5166010129431626,0.554305008441193
2024-04-10,0.7304445694991559,0.3927968486212718
2024-04-11,0.3202025886325267,0.9409116488463704
2024-04-12,0.9532920652785594,0.6049521665728756
2024-04-15,0.9060213843556556,0.5070343275182893
2024-04-16,0.1502532357906584,0.8947664603263928
2024-04-17,0.44456949915588073,0.7433877321328082
2024-04-18,0.6837366347777153,0.22003376477208778
2024-04-19,0.7912211592571751,0.6297129994372538
2024-04-22,0.5592508744281294,0.45920090039392236
2024-04-23,0.08497467642093416,0.5655599324704559
2024-04-24,0.4524479459763647,0.3899831176139561
2024-04-25,0.7794034890264491,0.7574563871693867
2024-04-26,0.1598199212155318,0.6555993247045583
2024-04-29,0.38210467079347216,0.9921215531795161
2024-04-30,0.8154192459200901,0.5542671535291781
2024-05-01,0.6043894203714125,0.9589195272931909
2024-05-02,0.1710748452447946,0.6208430518997816
2024-05-03,0.14124929656724816,0.8504704400377527
2024-05-06,0.23522791221159256,0.7642093415869443
2024-05-07,0.5239167135621835,0.8294879009566686
2024-05-08,0.4501969611705121,0.7557681485649972
2024-05-09,0.49690489589195275,0.827236916150816
2024-05-10,0.3967360720315138,0.4181204276871131
2024-05-13,0.7158131682611143,0.7090602138435566
2024-05-14,0.31907709622960045,0.7023072594259989
2024-05-15,0.08103545301069218,0.626336522228475
2024-05-16,0.5841305571187395,0.7195761804868107
2024-05-17,0.4535734383792909,0.9245920090039392
2024-05-20,0.610579628587507,0.6764209341586944
2024-05-21,0.25717501406865506,0.8041643218908273
2024-05-22,0.799099606077659,0.3624085537422622
2024-05-23,0.7124366910523354,0.7203151378728194
2024-05-24,0.1474395047833427,0.6285875070343275
2024-05-28,0.7985368598761958,0.421496904895892
2024-05-29,0.8536859876195836,0.7011817670230727
2024-05-30,0.554305008441193,0.6572875633089477
2024-05-31,0.1671356218345526,0.12155317951603828
2024-06-03,0.5036578503095104,0.5987619583567811
2024-06-04,0.638716938660664,0.02926280247608329
2024-06-05,0.297129994372538,0.04895891952729319
2024-06-06,0.4766460326392797,0.8688801350590883
2024-06-07,0.4350028137310073,0.2954417557681486
2024-06-10,0.6111423747889702,0.9296567248171075
2024-06-11,0.5644344400675295,0.5846933033202026
2024-06-12,0.2746201463140124,0.48621271806415306
2024-06-13,0.5841305571187395,0.24873382104670794
2024-06-14,0.8407428249859313,0.6522228474957794
2024-06-17,0.47552054023635343,0.7017445132245358
2024-06-18,0.4743950478334271,0.5486775464265616
2024-06-20,0.8491840180078785,0.5014068655036579
2024-06-21,0.33314575126617896,0.8998311761395611
2024-06-24,0.5014068655036579,0.8868880135059088
2024-06-25,0.265053460889139,0.3308947664603264
2024-06-26,0.43050084411930223,0.441755768148565
2024-06-27,0.45863815419245924,0.8880135059088351
2024-06-28,0.7355092853123242,0.48564997186268993
2024-07-01,0.09172763083849185,0.5908835115362971
2024-07-02,0.39504783342712435,0.7929093978615644
2024-07-03,0.6336522228474958,0.4361283061339336
2024-07-05,0.6139561057962859,0.2779966235227912
2024-07-08,0.34946539110861,0.10579628587507035
2024-07-09,0.5841305571187395,0.590320765334834
2024-07-10,0.5498030388294879,0.7242543612830613
2024-07-11,0.614518851997749,0.6274620146314013
2024-07-12,0.34440067529544177,0.9347438626256249
2024-07-15,0.7608328643781654,0.5194147439504784
2024-07-16,0.6240855374226224,0.33314575126617896
2024-07-17,0.8435565559932471,0.5852560495216658
2024-07-18,0.8255486775464266,0.8421944701856046
2024-07-19,0.8778840742824986,0.9628587507034327
2024-07-22,0.016319639842431066,0.6291502532357907
2024-07-23,0.4473832301631964,0.16038266741699492
2024-07-24,0.9819921215531795,0.02701181767023073
2024-07-25,0.6781091727630839,0.5521034231466018
2024-07-26,0.005064715813168261,0.31626336522228476
2024-07-29,0.3629712999437254,0.7180641530669668
2024-07-30,0.8283624085537423,0.24198086662915025
2024-07-31,0.208778840742825,0.017445132245357344
2024-08-01,0.9566685424873382,0.9034633233829192
2024-08-02,0.9949352841868317,0.1474395047833427
2024-08-05,1.0,0.9653100303912701
2024-08-06,0.9932428822185325,0.5953854811480023
2024-08-07,0.1851435002813731,0.02644907146876759
2024-08-08,0.6478660796984677,0.9645469893078222
2024-08-09,0.9528761248853089,0.9724254361283061
2024-08-12,0.5306696679797411,0.11536297129994373
2024-08-13,0.6122886571930753,0.39561057962858753
2024-08-14,0.3347277476583109,0.4333145751266179
2024-08-15,0.1176139561057963,0.6415306696679798
2024-08-16,0.5649971862689926,0.9864940911648846
2024-08-19,0.26674169949352844,0.0022509848058525606
2024-08-20,0.8773213280810355,0.0016882386043894203
2024-08-21,0.6972425436128307,0.1438652892069005
2024-08-22,0.8818232976927406,0.2830613393359595
2024-08-23,0.04087376220260415,0.935284186831739
2024-08-26,0.6004501969611705,0.7696120590651262
2024-08-27,0.25886325267304444,0.7749015194147439
2024-08-28,0.9099606077658976,0.14124929656724816
2024-08-29,0.12605514912774338,0.7428249859313449
2024-08-30,0.19245920090039392,0.7405740011254924
2024-09-03,0.9938097917839055,0.6702307259425999
2024-09-04,0.7698368036015757,0.16633440682336462
2024-09-05,0.0686550365785031,0.7069379935320292
2024-09-06,0.9324704558244232,0.49296567248171075
2024-09-09,0.12479363275204669,0.04389420371412493
2024-09-10,0.31513787281935846,0.8514350028137311
2024-09-11,0.06752954417557681,0.039392234102419814
2024-09-12,0.4845244794597637,0.6854248733821047
2024-09-13,0.522228474957794,0.015756893640967926
2024-09-16,0.6601012943162634,0.0799099606077659
2024-09-17,0.7996623522791222,0.441755768148565
2024-09-18,0.39898705683736635,0.9544175576814857
2024-09-19,0.11254924029262803,0.8542487338210467
2024-09-20,0.4811480022509848,0.5576814856499719
2024-09-23,0.6173325830050648,0.9471018570624649
2024-09-24,0.590320765334834,0.20934158694428812
2024-09-25,0.7011817670230727,0.09341586944288127
2024-09-26,0.5897580191333709,0.9819921215531795
2024-09-27,0.8846370287000563,0.7062464828362409
2024-09-30,0.2864378165447383,0.8038194327451507
2024-10-01,0.9409116488463704,0.9093978615644345
2024-10-02,0.3545301069217783,0.4575126617895329
2024-10-03,0.8784468204839617,0.9983117613956106
2024-10-04,0.12999437253798538,0.6319639842431064
2024-10-07,0.95160382667417,0.9870568373663479
2024-10-08,0.08947664603263929,0.10185706246482837
2024-10-09,0.23804164321890828,0.4490714687675858
2024-10-10,0.7175014068655037,0.9172763083849185
2024-10-11,0.42262239729881823,0.18401800787844683
2024-10-14,0.13111986494091163,0.8204839617332583
2024-10-15,0.8300506471581317,0.6617895329206528
2024-10-16,0.4490714687675858,0.13674732695554304
2024-10-17,0.3421496904895892,0.7445132245357344
2024-10-18,0.25267304445694994,0.770962296004502
2024-10-21,0.5886325267304446,0.16319639842431063
2024-10-22,0.5424873382104671,0.9161508159819921
2024-10-23,0.8908272369161508,0.7726505346088914
2024-10-24,0.345526167698368,0.9746764209341587
2024-10-25,0.88351153629713,0.04108047270680923
2024-10-28,0.05514912774338773,0.939786156443444
2024-10-29,0.5002813731007316,0.6043894203714125
2024-10-30,0.7872819358469331,0.5104108047270681
2024-10-31,0.943725379853686,0.38773213280810354
2024-11-01,0.3337084974676421,0.008441193021947103
2024-11-04,0.061902082160945414,0.6449071468767587
2024-11-05,0.025323579065841307,0.43387732132808104
2024-11-06,0.8511977673534754,0.06302757456387169
2024-11-07,0.18289251547552055,0.996060776589758
2024-11-08,0.5205402363534046,0.022509848058525607
2024-11-11,0.5447383230163196,0.26167698368036013
2024-11-12,0.5469893078221723,0.7940348902644907
2024-11-13,0.24479459763646597,0.9380979178390546
2024-11-14,0.5638716938660664,0.8610016882386045
2024-11-15,0.931344963421497,0.9150253235790659
2024-11-18,0.12155317951603828,0.49635033702868303
2024-11-19,0.8514350028137311,0.4085537422622397
2024-11-20,0.8396173325830051,0.5132245357343838
2024-11-21,0.47214406302757456,0.7906584130557119
2024-11-22,0.08159819921215532,0.03095104108047271
2024-11-25,0.1322453573438379,0.38604389420371416
2024-11-26,0.42374788970174454,0.6060776589758019
2024-11-27,0.5154755205402364,0.07144376236843987
2024-11-29,0.31232414181204277,0.3348339898705684
2024-12-02,0.5633089476646033,0.002813731007315701
2024-12-03,0.40461451885199773,0.20596510973550927
2024-12-04,0.6499718626899269,0.5424873382104671
2024-12-05,0.6027011817670231,0.8987056837366348
2024-12-06,0.3415869442881261,0.21496904895891952
2024-12-09,0.7732132808103546,0.325267304445695
2024-12-10,0.5565559932470456,0.9617332583005065
2024-12-11,0.40967923466516604,0.6978052898142938
2024-12-12,0.7056837366347778,0.7186268992684299
2024-12-13,0.5272931907709623,0.6612267867191897
2024-12-16,0.7636465953854812,0.8812605514912775
2024-12-17,0.7810917276308386,0.8171074845244795
2024-12-18,0.9904333145751266,0.16263365222284748
2024-12-19,0.9487900956668542,0.9262802476083287
2024-12-20,0.9715384638985299,0.9966235227912212
2024-12-23,0.17359285931090254,0.028700056274620148
2024-12-24,0.006752954417557681,0.8092290377039956
2024-12-26,0.6494091164884637,0.45526167698368036
2024-12-27,0.887450759707372,0.8019133370849747
2024-12-30,0.7692740574001126,0.5278559369724255
2024-12-31,0.6567248171074845,0.06077658975801914
2025-01-02,0.7687113111986494,0.842993809791784
2025-01-03,0.020821609454136185,0.22509848058525606
2025-01-06,0.46876758581879574,0.5250422059651098
2025-01-07,0.9167135621834553,0.6246482836240855
2025-01-08,0.48564997186268993,0.7377602701181767
2025-01-10,0.9290939786156444,0.3477771525042206
2025-01-13,0.2960045019696117,0.33989870568373665
2025-01-14,0.3033202025886325,0.16601012943162632
2025-01-15,0.6976835455294591,0.8283624085537423
2025-01-16,0.6015756893640968,0.47631106713338267
2025-01-17,0.6420934158694429,0.056837366347777155
2025-01-21,0.0855374226223973,0.03432751828925155
2025-01-22,0.7214406302757457,0.7619583567810918
2025-01-23,0.3241418120427687,0.8227349465391108
2025-01-24,0.5391108610016883,0.25886325267304444
2025-01-27,0.9212155317951605,0.204839617332583
2025-01-28,0.17163759144625773,0.06696679797411367
2025-01-29,0.48339898705683737,0.8193584693303321
2025-01-30,0.5278559369724255,0.21102982554867755
2025-01-31,0.8497467642093416,0.031513787281935844
2025-02-03,0.7557681485649972,0.9493528418683175
2025-02-04,0.204839617332583,0.37816544738323016
2025-02-05,0.26617895329206526,0.023072594259988748
2025-02-06,0.4974676420934159,0.2704571871415432
2025-02-07,0.842993809791784,0.15238745020196273
2025-02-10,0.23185143500281372,0.8261114237478897
2025-02-11,0.6229600450196962,0.3759144625773776
2025-02-12,0.4985931344963422,0.9082723691615082
2025-02-13,0.34327518289251546,0.9673607203151379
2025-02-14,0.5317951603826674,0.005627462014631401
2025-02-18,0.5188519977490152,0.13787281935846932
2025-02-19,0.3978615644344401,0.7473269555430501
2025-02-20,0.6443444006752954,0.09510410804727068
2025-02-21,0.9307822172200338,0.5452605362489749
2025-02-24,0.6550365785030952,0.42431063590320767
2025-02-25,0.6679797411367473,0.7439504783342713
2025-02-26,0.2746201463140124,0.07090602138435566
2025-02-27,0.9077096229600451,0.2791221159257175
2025-02-28,0.30388294879009564,0.943725379853686
2025-03-03,0.9465391108610017,0.8638154192459201
2025-03-04,0.8007878446820484,0.23886335906030598
2025-03-05,0.05346088913899832,0.7552054023635341
2025-03-06,0.971862689926843,0.05289814293753518
2025-03-07,0.056274620146314014,0.0686550365785031
2025-03-10,0.9712999437253799,0.1598199212155318
2025-03-11,0.5745638716938661,0.1457512661789533
2025-03-12,0.031513787281935844,0.9138998311761396
2025-03-13,0.8761958356781092,0.6150815981992122
2025-03-14,0.7443372352971731,0.22678671918964546
2025-03-17,0.11142374788970175,0.8317388857625211
2025-03-18,0.8131682611142375,0.871131119864941
2025-03-19,0.1429375351716376,0.4946539110861002
2025-03-20,0.3449634214969049,0.04164321890827237
2025-03-21,0.5869442881260551,0.5199774901519415
2025-03-24,0.22714143183437574,0.927405740011255
2025-03-25,0.6764209341586944,0.9307822172200338
2025-03-26,0.8266741699493528,0.06415306696679798
2025-03-27,0.6572875633089477,0.7703995498030388
2025-03-28,0.9561057962858751,0.682611142374789
2025-03-31,0.5194147439504784,0.0061902082160945416
2025-04-01,0.5965109735509285,0.642656162070906
2025-04-02,0.20709060213843555,0.35396736072031515
2025-04-03,0.9966235227912212,0.6177755438304469
2025-04-04,0.9932470455824424,0.44450743476478427
2025-04-07,0.6409679234665167,0.06471581316826112
2025-04-08,0.9780528981429376,0.991558806978053
2025-04-09,0.9938466087919472,0.649935590898374
2025-04-10,0.9926842993809792,0.9729881823297694
2025-04-11,0.19752391671356218,0.9687515608954801
2025-04-14,0.9123911255957621,0.4006752954417558
2025-04-15,0.47158131682611143,0.16657287563308948
2025-04-16,0.947664603263928,0.4113674732695554
2025-04-17,0.19414743950478333,0.04576760865110985
2025-04-22,0.07057329732867568,0.020821609454136185
2025-04-23,0.12830613393359594,0.9848058525604952
2025-04-24,0.14687675858187957,0.7917839054586382
2025-04-25,0.057400112549240295,0.21384355655599324
2025-04-28,0.6640405177265054,0.9167135621834553
