BTC-USD,ETH-USD
0.5689764736932317,0.10221140767917038
0.3088293986796116,0.4282110426234781
0.9979419769772411,0.9847352160267338
0.49569626924921784,0.3790845659310882
0.6386668137241098,0.3744586051344362
0.13269765379269943,0.27919136057639515
0.30802572813632,0.6438992440801485
0.44159117173376583,0.21644699908973591
0.49757260936531134,0.2736544410386129
0.17878815145841165,0.16938306110858184
0.6477774330722704,0.47520243631967246
0.14255536009400768,0.1225876771429644
0.6554129338553784,0.5839549951017482
0.3171887133589495,0.388874950536316
0.264363896757951,0.3901321997422261
0.07082826674714857,0.05016262525492646
0.7099579397529678,0.5560476771013293
0.0997656287569275,0.3989631560228717
0.6620582098899968,0.42139676225354417
0.6857956260684048,0.8074678739743749
0.11485543211065609,0.236209698834367
0.7285800698551698,0.782991471874005
0.45442984378374135,0.49214308100649584
0.15292174207275253,0.19539876853714605
0.22770510104843705,0.24344843941311153
0.34083512689892137,0.48399166196863325
0.9687561636594135,0.9505522155063812
0.7501345916430759,0.5881054053623741
0.3586836637096398,0.8420284050350597
0.6662166681038462,0.8433164147798446
0.9995539207602132,0.9991162797830357
0.3647460534180377,0.5210668171700751
0.20694452255214818,0.3656079690327735
0.7081061135616324,0.5735253484091364
0.2143848963135134,0.17755900212260237
0.9484652246894875,0.8166519246444588
0.7569668891363833,0.8464075676090848
0.403666577798761,0.5285392649464196
0.6028669967983838,0.6348223453157729
0.3117070801298636,0.2400929495909732
0.41215648762645873,0.230699042180073
0.643991973440072,0.5637651226391305
0.8050923107815541,0.8720674401450506
0.7357230430490267,0.7397068653259482
0.25932694452864047,0.375979288547063
0.3478605877345108,0.3312594972332942
0.6398330818578293,0.6221283454989807
0.9731253277125573,0.8722978313183536
0.9849372681784316,0.9222640438681073
0.479796913943593,0.2645629533494913
0.4587079684875479,0.78231388497805
0.5307791434284854,0.7303279697872056
0.7637888724871086,0.7301191075144586
0.79465691438498,0.7379455703265925
0.37769655645030925,0.02423388631338082
0.3156285796415306,0.37523664808158275
0.9341038452081094,0.5293282549014584
0.5560177944865713,0.38241312946790457
0.3554963793491084,0.3648523690956968
0.02982941858657093,0.020989764505426514
0.7801541798207163,0.8089070422161757
0.26807599269797505,0.5992298025877414
0.18856181439378236,0.25758210434804474
0.1389119836649219,0.035233382419700664
0.9211183868936662,0.6767314097073909
0.8301034242291858,0.4433238354773276
0.31946115636653327,0.2719732697693509
0.9241072472454865,0.8166171893830866
0.3466805683530078,0.5006227654109744
0.042191161907808326,0.28014816736626025
0.4845280273632787,0.23624523969373018
0.9678645944949701,0.9759085986964467
0.8709497794656647,0.7863669035357214
0.8567283993116167,0.8188821076676562
0.07452355682052009,0.09389418951343423
0.6797843521686618,0.4210804856929081
0.9048085206985154,0.8607699311933038
0.2669835371499418,0.7659415422225483
0.4026765194339716,0.5471696811564708
0.893607287669828,0.5300664814262309
0.9658055514916803,0.8738106469435732
0.19318378716675244,0.12971450011381863
0.21630699380351498,0.04974984461814348
0.145798163025807,0.21433108675199347
0.5825809787694096,0.5680353471651035
0.6574831286872462,0.750194187217734
0.824964463758492,0.4969775122959599
0.8156291559100036,0.8379742694501663
0.1330262103470636,0.1492912372015231
0.5074333800085143,0.6497761007363727
0.06180862784088107,0.08209422117751752
0.4981457130234913,0.7298186127824873
0.2502710357223119,0.5409761836321475
0.5977883484673598,0.2858520302723651
0.7260531832637223,0.9268996074651811
0.16498215911848366,0.1479289852121892
0.4292370723644564,0.8280778406588416
0.8839469255092044,0.7493729926507413
0.37270436766104126,0.30309464360855354
0.5172491684258657,0.4853965664223332
0.20727452800562007,0.5744913829692272
0.3395451185161501,0.5754478775569829
0.9566199327020494,0.9544914153617451
0.8745221424824428,0.6410275639868275
0.8810006521955734,0.8191765993651178
0.31059233802771247,0.06655208490643971
0.5391755231889857,0.4451386293873244
0.48372485653305075,0.7129151099204252
0.15314789002153695,0.4859418792921748
0.7171096864994524,0.43994443755469503
0.563003113140033,0.6462367667755817
0.6641311217623622,0.15420074857085136
0.438009333089457,0.4984308665337429
0.004471109305022441,0.03373733919500181
0.7885096814739267,0.7353853813158389
0.8812893585100006,0.8155682011344337
0.258893437871045,0.5474964041139977
0.8418525992666918,0.6971351368078526
0.9850082588753913,0.981803523014216
0.9470898557322553,0.8821502893913336
0.724832604383609,0.7096267581712946
0.9560082396871954,0.839851324251944
0.06261615813476745,0.016397339408118477
0.6245457616667379,0.9011354694789184
0.06444925672517325,0.028311731230400504
0.6138844731437834,0.7230948814448992
0.13260934025619076,0.05488859320756296
0.4833434071340308,0.6790389891386803
0.42715707314376566,0.35960293418175754
0.7518478690799297,0.34174857080595794
0.6698145495568697,0.5715469527373388
0.4922687320451438,0.3547823224812026
0.26031563591518414,0.4724677518884667
0.3977090020603,0.4917788132131588
0.48694461267696143,0.48696022514644755
0.7360236757374763,0.806316771156796
0.27168590704972156,0.7790989050311679
0.015118841135166603,0.027618233254029696
0.9214966262174693,0.6754489477697612
0.08069420180571617,0.11156591296099556
0.5713311714453885,0.13972185444153207
0.06610287381152158,0.13553076690853658
0.8339791388121651,0.7639364863031879
0.3622759864211771,0.38066490473709025
0.5684746729749377,0.5524835977022299
0.5946515004894903,0.6478164397707067
0.3221246225210038,0.03170722383701866
0.5652863929497428,0.6148309707754788
0.4149224417510291,0.2769715380730896
0.9286498237594533,0.9491138079464931
0.13704289235881004,0.02847091336800783
0.29830561259323957,0.24244738451804987
0.6487358639829178,0.38946147205607606
0.45068902786783194,0.7396585512862748
0.19297437983260024,0.5205370883047162
0.15704111834707282,0.21885154742398413
0.06848103164146217,0.10165403422857813
0.20113259057333627,0.1418701784311319
0.5700580534375836,0.3839022814161733
0.24427860623618913,0.0533299123217763
0.24696808922221752,0.20790917289849958
0.087697601852591,0.18973258998544368
0.03822510685046451,0.08079803645850242
0.9759462968148678,0.9734186490832705
0.9983573293537841,0.9934231254267936
0.0492608745962113,0.1006935110087142
0.763784242652654,0.5855046872729862
0.6530040485800255,0.3253562140552218
0.649455894885957,0.7063064948384051
0.05846657870520502,0.13074094402683425
0.9747369214236365,0.9817078475332288
0.4534981468747394,0.5171729870469411
0.15659954563311523,0.011978259190675432
0.615558851279966,0.7382646320160982
0.7864439928589648,0.9342777069053898
0.2873393819841499,0.4837135525228679
0.5833154820152042,0.7527380420648229
0.09040842768981291,0.122280950178567
0.35878108201600445,0.44301172375302633
0.9855684251820831,0.9777993631676865
0.5019786874508042,0.5731296658094063
0.3175149034901202,0.1462777906810351
0.30245183823194555,0.7879232691432991
0.8945295194787206,0.7096633038121709
0.3625248107707669,0.5314400192043383
0.2665681524445444,0.7245796436946529
0.09746007710271654,0.26125370361095024
0.044026301130779606,0.673536521928578
0.7602457963116774,0.3400144608326395
0.16954078074157003,0.123386811330711
0.2717632800079781,0.6532818001621021
0.9064281473478754,0.7784752035700508
0.9254454730819512,0.8521106555925911
0.1897244835195568,0.36467477696754236
0.564622303689515,0.30608827920576265
0.9903348703531415,0.9909497721930337
0.6174886073155459,0.737178005977654
0.2258775783698212,0.25672691811580195
0.18738126781044975,0.23663657796283147
0.288302140121311,0.0661919093386809
0.522981442751169,0.5551318937932616
0.10650355042809005,0.047400217190541084
0.39678397020209893,0.35025814938045907
0.3992978195817545,0.7105738146770098
0.9858990714180547,0.9384484263278702
0.9143209787622462,0.6495943666007855
0.6273053016272516,0.7786905327836553
0.6337492114667435,0.7181349907961057
0.02001178163693319,0.17715194226795783
0.35239661498622854,0.6896488736702753
0.6239854936180292,0.2845655081225098
0.8151172045118479,0.5117497880622122
0.7823450953045001,0.7200074365557214
0.055965229650084915,0.42267032222367934
0.9019964405220988,0.9381945900700353
0.7634786757847344,0.8388478095472631
0.8407724271708558,0.24239596863892282
0.26182476278149003,0.15454705178198921
0.6795559962612965,0.5262131772236499
0.6598921544576921,0.7490522134852566
0.5283676374039293,0.6327255400413088
0.32582255756134615,0.5287702813977692
0.742405808981131,0.4371388532212173
0.11103974940826856,0.06901626774221405
0.07126128306947983,0.11899109945419123
0.49972777447929967,0.6904321240550975
0.028071128252020214,0.16932620909030838
0.38088699026263617,0.49158364679002176
0.34501265676507087,0.2356913036810708
0.3683263301681965,0.3608064834863445
0.5000820744278396,0.3258647402581888
0.9783784123380224,0.7994094897387366
0.8535346818844146,0.7854540748752468
0.3323988167971409,0.8346832130728996
0.24786557916683594,0.10324130190892988
0.4486461512205604,0.37017514270750534
0.5498041915074028,0.5817644889629567
0.3849762758939051,0.3292233216578642
0.3963732185994865,0.27099816732751364
0.12868404483541804,0.8686180526311331
0.26501105107451867,0.6047382771343064
0.35312197795311545,0.5618651076580767
0.532476516766748,0.4979945386609603
0.7944677425998731,0.8851707098546314
0.6532325679269617,0.761043038363271
0.15125727086409851,0.20724091760682223
0.544989377075761,0.671700758044302
0.4833788568234344,0.7301295548853786
0.9858463505275604,0.9775296044381352
0.9940349812069603,0.9581017468200274
0.0864989038405688,0.19093950449784386
0.8586617111419625,0.554136671215792
0.9948829933175314,0.9912688090131474
0.017847762701517,0.027545030943050802
0.622815605478341,0.7225095952760047
0.9633522457537805,0.9461971081059654
0.44609033181828284,0.395082458956267
0.2888280470620842,0.34351240245655523
0.36212002548961897,0.21776396429923525
0.06613970370835544,0.3748461459732206
0.9230473591312756,0.774695360237458
0.07363024319758862,0.05724299924831526
0.210374515761718,0.1581195486440942
0.026698341658317887,0.03274909046939318
0.24357470758334346,0.609432479180158
0.7229185703071237,0.5023344474878225
0.5826494133608152,0.6773950744772004
0.9059610479728318,0.953753914695246
0.5266812405028778,0.7262179432140085
0.9555842361768192,0.9193968708779957
0.9661651808050506,0.9147206504185362
0.41145351848517264,0.34842015361777623
0.6224261822152636,0.5765381403365682
0.5783565168895685,0.2612897812569666
0.11987872677859673,0.2760031485801944
0.2925896476013524,0.4351910173191798
0.14707387080463394,0.6869180867001211
0.5476017602925163,0.4932494894746672
0.8819612550259326,0.6571796128204375
0.9537031162158496,0.8571433845401598
0.47896628610335024,0.574219879471896
0.5823777746486092,0.3832959084855761
0.16851854230303828,0.29998164866007837
0.6355105364214797,0.47037601691846476
0.2832236806475253,0.32807000025566735
0.9025286478070874,0.8958031982987621
0.5242051458973024,0.3200535449261444
0.6866914060494784,0.16754454500817162
0.03207020245064214,0.15401785780376637
0.5811848209974658,0.7503887542780189
0.9952489915426534,0.9817225790109778
0.6841648392797497,0.46940197373400816
0.13671422110743373,0.5122827008380518
0.7929396288299075,0.6852730372660221
0.30541293563614347,0.5898403657127775
0.805588277729825,0.8393351350003604
0.15197977510132174,0.03338661492305175
0.8944821754318891,0.8424313354767912
0.6954537416543458,0.9553659828191767
0.661465496175559,0.19488115894431635
0.3644144338593399,0.2039027553217435
0.10148229159406523,0.04308561812565173
0.640549992686807,0.7537841066118942
0.18074652379324707,0.27519466719344865
0.8961501139856193,0.9376002733682656
0.8917342883789624,0.9230179000354614
0.8118619185736415,0.8634526184899556
0.9057982641904384,0.6406325602877085
0.25159694694666246,0.30051535682280106
0.5290523206939532,0.8796092075158596
0.8581793331859499,0.869770960671784
0.48835497397001626,0.34020066180316927
0.3936956789706299,0.2551570304371886
0.4258818309503554,0.9326953724819093
0.9859917523779204,0.5774021046864498
0.052905478253100886,0.3198350133639697
0.9574568237106781,0.2833345625038034
0.6803011038393474,0.59053773525734
0.6312812874406437,0.44945264930386747
0.2661841574676677,0.3776525719438082
0.8152131913670733,0.8908954552224373
0.03274171429646665,0.03920063779923813
0.7656210768526736,0.7029958349270944
0.5133649328165872,0.142093372299807
0.49003813566018317,0.3270646681174836
0.01829832756419908,0.0143672506767138
0.13662225284308518,0.047908004601154186
0.17048325710349718,0.25930613392428287
0.7751675519522163,0.8086081802992369
0.10857105582070915,0.07230613454308088
0.9302931898628365,0.9290524232978544
0.8679499577609417,0.8054699055992984
0.754355617617235,0.29505393151915993
0.8063488975266784,0.8556520554991487
0.8552908246005434,0.3691543324765614
0.19415139590258515,0.2502183936176283
0.780430939952957,0.5570290918613574
0.21386776458069723,0.2788397207456744
0.06572660740039085,0.08779541055492214
0.2920810132847186,0.22704493338878148
0.09004353023532136,0.21454927703240964
0.18118387956331278,0.11374599879828513
0.7311097400006052,0.6022685805135588
0.1119574593570435,0.41315718551218195
0.6890092674284845,0.5949652701297117
0.4211399507690862,0.35805289820526376
0.4698107546597541,0.11148248887526746
0.7888759942311696,0.6520422163227853
0.9942969845153935,0.9819673577821626
0.9792299781608658,0.9654515044148825
0.09433773257619416,0.066158410794918
0.9157595284743589,0.9083264177555997
0.26328497475278784,0.10810058062329818
0.7429889514370436,0.8440300927066354
0.4906116293947806,0.6841891444496819
0.41691913764882693,0.5919158979857808
0.6927675139402178,0.6912558043832266
0.7533535366496874,0.397710746587324
0.8619984885505675,0.9257233435673036
0.7575214848013465,0.4866127323456849
0.3478272521368422,0.7298513541897325
0.9694259985078738,0.8968595090420315
0.6532827162230106,0.9206037985185581
0.23500444080937655,0.5034755486984641
0.9537436031494035,0.8081215146055584
0.36718733904158385,0.3790733613874574
0.3502644777417825,0.31001289695639817
0.349686570635356,0.4008970562082027
0.1910071317119938,0.3462065338003733
0.973265167294209,0.7667391657957392
0.1173992156938034,0.3139073825320589
0.9599334563723426,0.6493137673720915
0.26342116521248427,0.640414808934946
0.03752153733626261,0.06556166388263242
0.819219471011298,0.5188127812731881
0.5558638743426375,0.43166462704890873
0.656225715053115,0.9871808895655277
0.0008813034031374873,0.006882949734094741
0.7482390976137654,0.9026104421112626
0.29262311382416734,0.37322514280505464
0.14790950129013977,0.2322373020682769
0.2814187369948352,0.3824331839629995
0.6781254974099153,0.09667557138745518
0.53958255633397,0.4087830877977666
0.7390508759394812,0.9515595015346011
0.01545472955228377,0.08353674188171598
0.2957690215550464,0.5717360937061278
0.4643746707874122,0.525944089250058
0.9496578331050323,0.9772078709444085
0.6256946348664265,0.3413104756132607
0.5278988168002433,0.5072649169310167
0.045327109041935494,0.1058774389150464
0.43613364132818344,0.5500852812995929
0.5115680668703376,0.45685619859485876
0.7569197174278143,0.7356078437835383
0.841696792827248,0.5940912148100279
0.13614836308613748,0.2630867468474476
0.9184847938051471,0.9093456648849484
0.12994935074299507,0.30522276763933237
0.21934620206961986,0.22546298101623485
0.8492662569989484,0.6475232239807438
0.25472324564983884,0.3904439418269696
0.07508404125114788,0.21184470160724636
0.7344822490312055,0.36089808195752415
0.5855753885756629,0.6419802826453699
0.6158998163896156,0.4955581244306151
0.4691015145394125,0.2954095160983244
0.6150159845894527,0.6644716878341141
0.6035731165860436,0.6613603783675943
0.5464526201052998,0.30247964084753565
0.4810906091678582,0.7800146233033972
0.9319391687766844,0.6224821731329198
0.9128951983076343,0.914976528966501
0.5305028526415912,0.33541104137175837
0.4360955120756227,0.064059975079414
0.11133326873357322,0.6019331600550055
0.8784945630164052,0.8238439502161269
0.8160050477362113,0.6392619838225457
0.4414759976575096,0.7223913004795062
0.030123034698374285,0.01953549016548369
0.03536626244838007,0.0368116306754682
0.053829359007035525,0.04859328529439281
0.40366507581160926,0.5024436858714335
0.00569081493470019,0.012177725985104627
0.6090231827649064,0.7992056267254194
0.8475975808109085,0.6369419166273208
0.18502189805584343,0.19068531582299314
0.43141367784832235,0.43393014067826186
0.3018968769881566,0.4259876133854071
0.9036295751066709,0.9458964138511965
0.8528979437480042,0.6249115512830057
0.5091583700780192,0.5308020560138381
0.5841571596136814,0.7104951192942524
0.9006521827157911,0.8539402324305861
0.683019769171469,0.6732880148264433
0.536159695550245,0.2806793067553315
0.3155719572988682,0.3262440952390499
0.9863495354917596,0.88300725851944
0.5208652415102785,0.48450654840508955
0.5553331206008252,0.545153813732422
0.36569795626787527,0.5311054153098875
0.9649843277748658,0.8161661064062794
0.7751208290380168,0.8185933233401064
0.1600262972039687,0.10535879089595843
0.9702907028208847,0.894845667329901
0.8010653809213226,0.697507514128438
0.6152948006567839,0.6234583949184213
0.45241828178727617,0.8312859006236661
0.9449604397439213,0.7366420000194924
0.5605030181546188,0.07559217809537905
0.2597064961522576,0.29743457500277515
0.26338616092316325,0.8439843662164296
0.4269794646077132,0.9301209025832369
0.7926947895861378,0.38021754365813354
0.6260722961140393,0.32534391223268855
0.7775272815185221,0.8651688016547628
0.34281158537972123,0.16954513403540877
0.09043599745249324,0.28688667481013774
0.13959995812387194,0.2005499430211706
0.23745248335680463,0.0291203487012841
0.7328362727173274,0.4964792641539309
0.5357860993534174,0.3779284776809747
0.23431113876038234,0.868883308019416
0.5059412929973008,0.6373403580896773
0.5990973876608863,0.625765091717801
0.4494108016988454,0.5471336716425752
0.11011421303423993,0.3436754008249276
0.2525526203366018,0.45538418653641527
0.8637492216803606,0.8514665018150774
0.16778122371949744,0.3139070891813831
0.31882808576166705,0.5426013813220898
0.2203346842879287,0.48712186267571306
0.4160272748198693,0.28445419155116813
0.6757144599879565,0.2028790975287229
0.8672699879570542,0.03854244919584735
0.9478128257129715,0.9697973249073137
0.4749412840273959,0.09204018205329952
0.5790786091483804,0.8782406499026518
0.4026795719016574,0.8083853862708881
0.4471012982262863,0.5542249275800417
0.0706169240344676,0.08069905737108442
0.7797019300702298,0.7622083416924526
0.6465915298528313,0.37143922055620726
0.6541290113495473,0.49285709049503723
0.045941133048568936,0.0494584610889266
0.596762376101335,0.5731814450376164
0.35305197741712446,0.5031358530785662
0.9416275164713048,0.7767239096392038
0.22195254095553424,0.1601314685297622
0.7946659100666811,0.8465851974056271
0.5534590321664896,0.12618210856981282
0.3566043940485233,0.5139403939758269
0.29975120900876817,0.452896030484833
0.998672682616467,0.9994026632361349
0.6794229114405643,0.5466795106412876
0.12155734644909251,0.39180583635834226
0.02477075486456115,0.10178986083622893
0.4920270695043202,0.582461623742107
0.21405464755546005,0.23939677873086443
0.41007043201457954,0.5369873979425838
0.6422021319337765,0.40668175072450335
0.5886716774546462,0.7903161406544409
0.46121688680926687,0.5370211289309406
0.2921753747578333,0.205480881033559
0.19592941320426957,0.2754204329430525
0.7541132332833171,0.9426766245861898
0.7935245976126009,0.46294003210823265
0.9584327931867014,0.817798362050344
0.5148899029385597,0.4548029889362492
0.5334166337143197,0.6766990014675083
0.3963346233900093,0.4495683416315761
0.2841957790707892,0.4363171948803052
0.9892423220274933,0.982999085303707
0.9522740994055523,0.9538118185813288
0.3686596525804785,0.6343074279881022
0.20844590858103876,0.23599467334521274
0.6698517845928709,0.8194149055955734
0.8159439743539612,0.815507055920822
0.24915907163518808,0.155792351317309
0.2773665260566469,0.3780551041976624
0.6742939715526597,0.8352927596956268
0.2899733102467299,0.3094714200272956
0.9380161917274554,0.7552617317470666
0.6230531301723774,0.7531896393482573
0.6970446971606152,0.7645621578701486
0.8573384710518804,0.8304392516662241
0.051626293593504444,0.9110413520586145
0.776072884495808,0.9445634150480838
0.4045517887976669,0.5016411871890142
0.3891555830416837,0.519439948355377
0.3018519516863389,0.8150480659256839
0.5086823398259182,0.7373883100188108
0.7648513605596777,0.7502416933461555
0.7680002443766745,0.8381749143432885
0.10603409905031917,0.0983219307941977
0.7515113507758379,0.4008125370107668
0.673862849850484,0.4194260776718556
0.8232901193981395,0.8639631125325524
0.03332440986907306,0.4043006231572737
0.5174400204645504,0.8470752042909946
0.4332027153175184,0.39346030686812217
0.39928920485846686,0.40935147633081553
0.5138026478065497,0.417007581685629
0.9675063632434108,0.8120472715396138
0.3672818024278528,0.3208407372218331
0.6708851089129114,0.6725776544004218
0.17723993466284932,0.21471396723282168
0.5502288488801836,0.7610248624734104
0.014761289809746883,0.03159479874981777
0.038819177287775744,0.23632849991098065
0.021175033575143,0.0669524852879264
0.05155850459257924,0.17968900617336073
0.7076621679997188,0.8080728769291595
0.9106216262878144,0.8178307770752689
0.01354188888650789,0.059185848011954055
0.10842291087260239,0.08289769229262854
0.8060205620906437,0.7719244725858504
0.4342456182693797,0.4638045036759342
0.15624568894855295,0.10611754904444307
0.5044689774708124,0.34857518354245987
0.32160302957450493,0.3224456891492759
0.9083717887702087,0.8609760304370253
0.6290432036195375,0.5379605435686172
0.009462216795769939,0.008090205781824105
0.7809788256696979,0.3373951652139067
0.8880754877408097,0.8413861372887224
0.5876048621532177,0.9257266757372534
0.43296132795012904,0.6333789148695002
0.4539062065457175,0.4709376421881093
0.5574067973281633,0.5592695976013808
0.12996233252214145,0.0056959786310351364
0.9212609754870164,0.8830189717507123
0.4123395163808052,0.5785576436709745
0.352354734975979,0.24193859366424145
0.06752207580940961,0.23054433691551562
0.32687945953602615,0.5588765302713469
0.4784335344443577,0.33520750002831035
0.23295590476959835,0.2575950901625941
0.32978612659330603,0.6694615998104326
0.9971216899381878,0.9842967278660779
0.9372393133380315,0.897615898737419
0.7367164706638176,0.4028713577712946
0.8562162889448164,0.7126958951632223
0.013047147813979684,0.0683239153877661
0.614506060797839,0.5581112082750482
0.8991615975172995,0.6254481988333149
0.711578231828222,0.38320985038484257
0.8010637495275535,0.25867708585859905
0.7222624918626721,0.7514085980588151
0.3642253332303572,0.4446363324919801
0.9559197947331118,0.9911606520480063
0.6856053471146193,0.8075396573224437
0.712569912555157,0.2949159668308035
0.5636165697165644,0.6570169729835933
0.18062489362261416,0.1427930752128321
0.11878152260410857,0.22785154914480932
0.49355834183086933,0.6297217162097712
0.04133778900475716,0.18884316668609716
0.81061999399003,0.6930801623860645
0.1329849831828902,0.040974352745468165
0.8884543529192077,0.8295157893495106
0.3853813022323762,0.36331262164002437
0.7715313159885511,0.6307723365955564
0.8491243627013201,0.6539820639390361
0.025818094761045445,0.03464014341087238
0.32944481133801906,0.2532808196854137
0.6680085351113207,0.46807859540923025
0.9635408852881981,0.9058341831659674
0.9797074547819664,0.8169265256086947
0.6801457554980628,0.8602861122266372
0.3416765850778915,0.6872137818911997
0.2920903759632376,0.46362016176610726
0.7959108565521262,0.8911105945860615
0.3282418465781026,0.21098323262470148
0.18461708896026224,0.33860458782309444
0.8454113120350496,0.5555030934453382
0.8751089825815445,0.8862796030597788
0.48855022169947715,0.2665489494474984
0.4323363753554983,0.5529098970188036
0.10755160173106632,0.485181437013919
0.21444079236788885,0.0871780080411985
0.16876130404232212,0.1179846734257801
0.20653407573176646,0.21715232612397134
0.9648382571621569,0.2982570520047254
0.8868035791807548,0.241871631476934
0.11558612384230922,0.3702692035314945
0.7753565789655967,0.8380721149286663
0.9390244207463154,0.8057716150690278
0.19575414273914024,0.18752563084230292
0.115583807950529,0.0768301904086866
0.1463125687363247,0.1622385822988891
0.28124040666691513,0.1921446890564819
0.5387984914655837,0.502511495141662
0.7599400169612218,0.8914413590098982
0.22662611249117176,0.35400424682532555
0.004132628983721105,0.05031510870797662
0.6189932576492225,0.7435297656517794
0.6755874693634367,0.6801572713486332
0.49249506524850317,0.9588337811051323
0.39426050704605625,0.33635677493209615
0.33980889261281044,0.03283486623177066
0.9534624507809827,0.9809261727566906
0.4551713845524731,0.5098530260039627
0.8101059543448054,0.8072091017387875
0.00878117803151561,0.02565763039931006
0.4983094371875558,0.3676906011370235
0.9804501421043149,0.19373696011031002
0.3362307668932388,0.518050490141691
0.939611859944584,0.8836272173307445
0.9811878154443302,0.8985547711038996
0.8143312773195155,0.15582521671956592
0.1097556579338496,0.31410393053127095
0.9175247936763097,0.19577197404805707
0.8540019569522488,0.9884819868625646
0.9455489062683655,0.9317753338786307
0.8749247818753012,0.9604741285190929
0.6893209421817668,0.7784667171173741
0.1600562179477928,0.5421297261898975
0.5167332690100521,0.5931895615699704
0.8250144731685927,0.9437767720845167
0.834240830436977,0.71491166091733
0.7125765953620457,0.30106762718530056
0.20569828743426344,0.5772596896676062
0.6634073242623495,0.12448432775267779
0.43438675114481934,0.6642253903550399
0.9991540791674854,0.9945551154769439
0.13127272341315033,0.1817262263761732
0.12069987661230172,0.6279551161918223
0.3460647619728562,0.4511341364129997
0.0638486607203112,0.05530810038091442
0.6999038648724843,0.7810149309189892
0.429998086282666,0.321643474392617
0.5889739022443904,0.9808272101640589
0.4812789897971164,0.2916499782379275
0.2567166408381524,0.2382784058885855
0.5226782329872526,0.7365159181518537
0.9552155628532191,0.9753971318657004
0.057971970302399325,0.08749499720413495
0.8142023398653653,0.6190235031028688
0.6580828922772743,0.600461427081922
0.5088978040859882,0.6887292857159651
0.9511323339854566,0.9844458027837896
0.6236596973615096,0.7512886962184016
0.6668886074648759,0.8563873798225778
0.08571315604089116,0.2101973947646269
0.7994933191365068,0.8890227003469385
0.5829262780632938,0.15836188820925784
0.45405723023555367,0.565475771407224
0.28004106454557526,0.3224428528164489
0.3096790571438722,0.5623609203387678
0.4570201364914417,0.06549233132286743
0.679448328306821,0.6238772907374076
0.9179488107972706,0.9247788855704655
0.19357634602821652,0.06008888167903946
0.5040721632249471,0.2237778076962174
0.5374865464252606,0.8307908855324679
0.6259377043881965,0.7309301370101093
0.9231226416851332,0.9929879513741634
0.3080437844716218,0.2657164367633298
0.4795877031831774,0.11701539773299237
0.19708185919713483,0.1517203222647892
0.67548830966586,0.5088205739864015
0.6266123981593228,0.7958152143630415
0.2872518218173584,0.4953718534018232
0.35941517978623305,0.6531224315846735
0.3998474936824661,0.7697462822251853
0.8387435735080326,0.9523164482756703
0.27007192991431755,0.1687094336316375
0.024806753201668575,0.06303351404259805
0.2299222220358759,0.234510302986138
0.6393835898922263,0.5665064169890399
0.14909274591165278,0.5656509538315809
0.5627211014214415,0.3070464506821913
0.24693307902759376,0.3879862150421267
0.12097347265263694,0.30948546215994205
0.8956547878566644,0.4305435261107096
0.8380431098514035,0.56988016082048
0.43794333005802133,0.4192463968311954
0.936050158996898,0.23241387225303833
0.6698635482577738,0.806010886648282
0.6102191313370458,0.663322769592678
0.9348213045689667,0.9954168855095595
0.5169225146529043,0.6211314183208912
0.015524516064568025,0.06589787170593958
0.6709565327644987,0.5278745785571917
0.5470035643669355,0.6750591305809228
0.5958057960134362,0.48329026249002904
0.042334503783345405,0.035957390301950984
0.051612847846178686,0.05561412752825549
0.08432364052046157,0.11265482015032213
0.3127973732463166,0.1973011706323946
0.8365086607984923,0.9189771328320733
0.16289874600481727,0.16961593736516087
0.9577586427729241,0.8009166000063151
0.990026383622749,0.8621868589035786
0.2928439120859404,0.6273358380805611
0.8715021331241384,0.13508451019634204
0.6591753074508014,0.5839139190003031
0.13634396772329613,0.0444584777257627
0.3893212982135928,0.8606808536071949
0.2127038963612559,0.38412416254996584
0.43671809151688135,0.5026119413223915
0.3555851123520757,0.20502508484139897
0.20889381560490422,0.009435581580121309
0.37025408329112985,0.41327453669810993
0.6981693329341017,0.6933337003570632
0.8463552625272391,0.5907577058593416
0.7863547067982065,0.47336726239661137
0.5816582352043398,0.0991775029961038
0.44279445103937937,0.26999816365942253
0.789424702403554,0.6337165156361626
0.12430244588726405,0.16450591761696398
0.5096470414062176,0.6569519110565509
0.9801673188045386,0.9791439578662031
0.08603291536844032,0.0950717171256591
0.40141297275118926,0.5503271356899261
0.44134475181688215,0.06622844245612697
0.8964251007515184,0.9138429981770068
0.5859760293039279,0.8678495075111646
0.7256124964989309,0.40450938219778354
0.9351495495733277,0.5686026449684836
0.5981691747917837,0.552982790472073
0.5125102919138913,0.908738937462949
0.18970306338014042,0.1661563237759569
0.9178793606357468,0.9507971725193252
0.18467462255508607,0.27403511348507376
0.1773418040873779,0.022149869731178086
0.12327378096114962,0.05881843726279584
0.4671311007545329,0.16830699659903126
0.6649319024055222,0.9415982149955893
0.4728915231601593,0.7538335769815916
0.42825551499726333,0.400178107065581
0.09699624272980718,0.07401736892415796
0.9946041392287523,0.9811295945909692
0.17463859665582376,0.2895961620899689
0.9227801611470307,0.8542913886834884
0.8265299976593483,0.7249162032298198
0.8612128263304292,0.7854939602092382
0.6391234027891,0.7898579230862515
0.2638147983404068,0.23606323705747162
0.6224302560206116,0.6581153270066806
0.9203914114636013,0.6836415711029328
0.8125255264216067,0.706009253901182
0.8998556406696238,0.9188508080989273
0.463050105658394,0.18470954262694456
0.51417233468293,0.4735210450126858
0.37972289222002,0.37638475119836
0.874773674267362,0.7303202559578454
0.2837191404013549,0.6891484754575783
0.9330621811465066,0.9497566483208003
0.15145406114116391,0.13080605202727852
0.415107460649219,0.27339763860391986
0.9288191995756269,0.14713146021803183
0.9153707543046767,0.9594199239980272
0.9004223738324632,0.8269940854666551
0.9430778299701248,0.7836791605578454
0.5960274036874393,0.47807757224095926
0.33051800157432343,0.4335945690606098
0.365390224778799,0.4229920007362245
0.16694940563745345,0.06576272425224192
0.39980139913008006,0.6285618050968032
0.29631693010090276,0.1085895476621515
0.4317415548014416,0.7557271340761395
0.30324330183420956,0.34932201550706765
0.6296061871310754,0.5267125785559639
0.4248728184357674,0.3541863957695842
0.507897282420511,0.5439362568972863
0.6499375359087933,0.7567527857935686
0.019687486009301154,0.0034350159728477503
0.4847058964486681,0.26986546054040106
0.33346559364489214,0.3425805973301215
0.13580136087977163,0.37857468821828966
0.27165250658578655,0.5925276126166854
0.9225768292418484,0.9815727423078305
0.20944586609723584,0.5133846082037969
0.7906671511983745,0.6876945616992187
0.46828265687766707,0.46537132967958345
0.3465530581899079,0.5288355235382423
0.8700799473864531,0.9447989154016058
0.5328197227583543,0.45928261299635126
0.8130332365108572,0.8691505002260728
0.9706088540212482,0.9847350481375692
0.8375888780820394,0.8434708760576963
0.34819700670347564,0.7480455485297715
0.6440957104323441,0.4720296844419211
0.5072088030270637,0.7428448045480679
0.3422139983914856,0.24307995178076636
0.7984976146218482,0.3558757944546589
0.6793013134527196,0.05833571244224284
0.1779108507334205,0.20620627819738027
0.06558853935558566,0.025262436723303076
0.31853784340775193,0.7369306567906573
0.23676060745733996,0.1397277996623524
0.3240569469834854,0.32513407795204846
0.4921030382939181,0.2836897793972974
0.8556394202401938,0.2095388511569908
0.3941486817360321,0.5121851794329156
0.9188155109297723,0.2443097574770668
0.07230845832269474,0.12420951848519837
0.7294709159660371,0.6771731455500778
0.9652184811315387,0.8839041642883578
0.5190340536715593,0.734424356675657
0.6223773165618731,0.750556835702864
0.6773949182088055,0.7410525982653506
0.4466244445078463,0.6310355488686838
0.8590719254254973,0.4764551213984598
0.869971812368632,0.8066600752590629
0.8920576487255443,0.9355036404253665
0.38193138178578895,0.8195725367640674
0.9869227486505534,0.9904992815314756
0.9501486709644363,0.896118901163902
0.8306829094988066,0.1014802582622271
0.14391251835622773,0.7123073121623853
0.6195401035044006,0.6803557771298712
0.18831369792711755,0.1618316850797904
0.8490086475331501,0.4167375108595332
0.34471485454058615,0.3243977185782557
0.9425869780320226,0.9548753816097333
0.6921844018518968,0.5983608408260414
0.4585062373232265,0.14251392234406957
0.38224016676787076,0.19121212381533598
0.46894133041319563,0.9362557267501587
0.022683204369127814,0.027800982396770778
0.8047571199230044,0.7159843247088069
0.4721279994851474,0.4811375318423409
0.5588275123501502,0.545572244692917
0.8408138902272178,0.325344267636821
0.5507469077787046,0.7346306264024087
0.8719531705258716,0.8497928552793288
0.7874209647519692,0.8097795811481067
0.44509730572212725,0.7741313071055906
0.4958049768434296,0.19970127727777062
0.3086662337725094,0.1171230277746364
0.6298296180857188,0.6909622478292008
0.5477265173909069,0.7347482515357198
0.820002242359332,0.6940998909888221
0.7364811555356585,0.6283594482110268
0.2343851336362285,0.3173359784154839
0.006539199653465766,0.13241010379242887
0.8399259012314658,0.8510907160863552
0.913357982552826,0.80804489878072
0.772411729063992,0.5686809858722099
0.8876148551184939,0.866433661244197
0.7480888566142421,0.8629959238473552
0.43589277022844464,0.9681522009472822
0.7285733603173168,0.7526282885039546
0.7246130874620753,0.9420976038708201
0.09821962334807448,0.13860332148373336
0.8586300645616745,0.8831502262608267
0.6817548227852185,0.8999075777451442
0.083374845021043,0.09953219300197308
0.9888052784144514,0.9692093019184715
0.15638129209696378,0.41511585955707014
0.35383151948422353,0.11990406336700939
0.3013457106460826,0.5250161045735806
0.9632899566720292,0.9629150941546236
0.4356610873775789,0.34890197448715754
0.9263451452272887,0.9030905371553966
0.6529817330199295,0.610225414477063
0.8090978411280283,0.6874438313462861
0.4509435560662783,0.5792712727381901
0.6507571752144994,0.5507421044112628
0.7933140737371427,0.1506201830689027
0.35280093380775923,0.35267790037872215
0.3575392183641306,0.6155019191676925
0.9622814117908176,0.8190063022863108
0.39583459802661997,0.393837342732552
0.5009450382320675,0.4203719527049935
0.20123362960485736,0.39481739920963155
0.38483419504079314,0.33013011616424803
0.906372903345633,0.9499632958931699
0.08939137542004462,0.17205462300906754
0.7063564043788342,0.8291820263146827
0.06610064253265134,0.3743282902737561
0.713909056750667,0.6797858917684636
0.26666107218462926,0.2778656556046387
0.8731350720445157,0.9258936231131992
0.3483199928048726,0.363852752705469
0.45155289540946597,0.37643081960150904
0.21073653048331784,0.1105817484648771
0.8449869677000372,0.8480403894492153
0.41549451809269766,0.17462609903690368
0.9367285875018987,0.6734548967775837
0.6930938193713008,0.2787346288523245
0.5453411206633262,0.700691621642441
0.632919478680708,0.6716355579143045
0.5214029592249473,0.7362895405913109
0.40102028950793955,0.20272006195933628
0.4094923131844778,0.713595150344412
0.5495734056489814,0.20360601292054664
0.429908485093077,0.2294174764126223
0.09003566089532315,0.2073964001606575
0.36164423130583545,0.4072052509010848
0.4837751894860351,0.655699871368089
0.5657715487201556,0.6061472722170925
0.3053069384813327,0.20686363158949647
0.8402193782772472,0.5648557860916152
0.9421134852479706,0.6494204347245995
0.12276259876591976,0.48308785792843345
0.28290594260461766,0.09186886095771785
0.08192877279176623,0.4084483968513284
0.6227818257823348,0.6440054335101915
0.9483140385559327,0.9603943769546931
0.8145773823700736,0.845599428133927
0.7396682333953579,0.7950121113913879
0.2890870961437261,0.16562726714138562
0.9665326534685437,0.6429452995214064
0.6568782235574764,0.5157772259212858
0.8245530419930103,0.8721257532165745
0.7409568314854867,0.5136871345952446
0.6378888433278691,0.9682081076194458
0.3003301405532116,0.2700414500525642
0.4403801049774607,0.20003542838725713
0.47025040999351225,0.5078505170326831
0.6317460448486841,0.7531662625675362
0.6726841024570691,0.766232950127803
0.6441729196850305,0.14560053598665987
0.47043685295129006,0.0034595349231781886
0.6646540664485387,0.9471503145939284
0.7618013441237868,0.421626079059176
0.6991972416105019,0.8521150203845973
0.9369582834562336,0.9826665315681511
0.8607679267661366,0.19287125852579098
0.8115051018796032,0.5753663853634503
0.17837485299400296,0.3112646623956617
0.952984893190623,0.9277006585048491
0.6038305596192237,0.8181897541535764
0.7351824659086801,0.9315710822241677
0.7129174823836149,0.3139503852061202
0.8588247472530112,0.6679716501317103
0.8638687196878051,0.8755652543034712
0.9656937233376577,0.6669356752148898
0.9575110886315297,0.2851908763003266
0.8225881869269929,0.640622166599722
0.5538107151693396,0.9477416350456332
0.4353544902541363,0.5157558254332592
0.9846064052803395,0.963041742119991
0.5416203605982709,0.3574330693654846
0.360688914733721,0.15484521799955347
0.6134927582842442,0.5149003109225253
0.5323011178241608,0.3363827946631093
0.6095847660095647,0.5560789850151748
0.6843096927723653,0.782736868490711
0.4034622398817631,0.3732441661946013
0.5545311499187309,0.772607388762738
0.6089608634347581,0.5378236666336196
0.16128173683693175,0.7669507480465134
0.7631323233769667,0.858478571967633
0.927163333471116,0.9403957727887864
0.11725832956518488,0.16711362701015892
0.5136951704604741,0.3742396840634651
0.5455625239552881,0.41096005187663237
0.7958615080352793,0.7372226519145793
0.5252491196727291,0.3677452481846918
0.8683788863799147,0.6047717967320608
0.28857258812559966,0.43024086030071773
0.2969555272968001,0.5478096183877355
0.3211386174108042,0.547530304488306
0.4278575135583542,0.40974690649745527
0.22080509712483667,0.9933737801595611
0.6712754853302179,0.5509165820000692
0.28772893041203684,0.3584656900553662
0.7835204552063745,0.9133574442933389
0.8430480525995622,0.2552172394608242
0.15553267155644257,0.242543871083605
0.6795552617232483,0.9162932604456069
0.3007882465177278,0.29872077551203524
0.007165083152113228,0.009522927238099587
0.6353384343172788,0.39107421233981504
0.26493892468411173,0.368101306829293
0.5764018143624507,0.41582553990916016
0.4452315814084786,0.4178487675734264
0.9762584341421873,0.8347532881942632
0.6388539306438624,0.11042767991196088
0.4950050716511535,0.42407163657630986
0.10994876138134516,0.060470676778541864
0.29369884523016976,0.19997945837058287
0.32941609295543317,0.574016589455564
0.5342955173190012,0.7888289963346872
0.7181681648952432,0.7628973631293312
0.14202583689435183,0.2604707635107266
0.22261920732816048,0.15660384760654253
0.9246073825933996,0.8118497203720355
0.29437480833223006,0.38032575486736975
0.631767176306449,0.29275208080997034
0.32250134784685763,0.05281639586962517
0.03527756024720516,0.4682870506525452
0.3203809391348156,0.45303728395114495
0.9088339803394127,0.40637125312597766
0.7496228050394844,0.5515488977281778
0.8046562425756969,0.9716900650831187
0.28340296912963236,0.42799137530311865
0.5759734484232109,0.5497390989356458
0.12853362343239658,0.12331570562836625
0.30504523827043895,0.2520448321556173
0.7433205604131654,0.44267333485428007
0.9663318922081419,0.9555389308545351
0.7195065251667845,0.23359565955585582
0.5066502633952172,0.5255977029517067
0.899547506212338,0.8324444517751268
0.3313700278118643,0.4177340085358582
0.7863865632905995,0.8089798292134683
0.14044185904233436,0.26622428800668896
0.588952844190964,0.4731638880411927
0.6878873414220135,0.8019494780291683
0.3480584007372246,0.5153246709254928
0.17643931939626076,0.6509155613702746
0.39110895783867805,0.5568227046728518
0.2705333757144335,0.11651327310158403
0.9422349243939506,0.9930560136408297
0.6354212267727,0.21740078310436184
0.6647431547321331,0.833866364412382
0.6321964184738373,0.5248168861329263
0.17657007437269318,0.0636812628185431
0.7935614143867168,0.8374514723828773
0.292670236469568,0.42277168188505404
0.27242327231786906,0.3027942500484082
0.39068441431974665,0.3394719565497829
0.4672132003512657,0.49295355535900665
0.3619521742104375,0.5213268761285919
0.32975439098612325,0.33892800955275876
0.8355764380408085,0.8492848181042882
0.48660504120297904,0.5301134730944035
0.10577221864861204,0.07363512555802261
0.29403592585496374,0.49482074914873825
0.10065996151644528,0.8538096342745355
0.6133633462716608,0.7110115757501282
0.8524145647793212,0.7794094171062917
0.2777084184098938,0.5295666559846097
0.26117656379366716,0.550974778907307
0.5785177665096108,0.489115512718741
0.021325588966687303,0.03002273489131587
0.9198216315984868,0.7615714093333888
0.7453448634781288,0.9103527810188543
0.5816038602968456,0.6056896773514233
0.44274852689078,0.5908652416137603
0.8717668635232192,0.6646586615201198
0.3686067041121417,0.5006788477005861
0.4907443896857819,0.2971627348624978
0.38726805162626105,0.24919650144061933
0.7370443476775308,0.548671882843074
0.09275438857153556,0.16912340742727106
0.20489344082091565,0.45732380243388465
0.058410924418718785,0.014722992123383353
0.8091659603451121,0.680819099772495
0.8805019542606197,0.6718018475659925
0.6694507354522243,0.46300918542279923
0.3702747978483068,0.3839665418081678
0.30637956128501687,0.4127555324710028
0.3915840351810978,0.32997223349942373
0.06188046443650376,0.07486427589266233
0.9421355797457149,0.868297561980312
0.9259163598891044,0.9271363929054681
0.5970747478649002,0.48194324009628425
0.029824946727327523,0.0527267387835992
0.430664317353765,0.31001647940792154
0.9189016311241339,0.9235865103839414
0.6965867672735462,0.20250996388450052
0.5550674234453492,0.5583755105201902
0.6617321004308436,0.4705696824242167
0.7318341425302763,0.6865916224304851
0.27998101451263213,0.600509896839891
0.09535751710575599,0.061054586257400394
0.6009682021988701,0.7051192070325571
0.17973040761155387,0.07052675095873971
0.19403609787191184,0.37273875512394944
0.1150670718396102,0.34168716112905906
0.7325383027529005,0.7349152293972254
0.5071215218838518,0.4866300703002835
0.9780515447807335,0.5744061253292982
0.5800479045086296,0.34836764224365424
0.6130929707214405,0.30365235926004797
0.9378420323104961,0.9587996168147004
0.3427158328722389,0.5297521204182691
0.10342518205683894,0.12243871260167692
0.48245622447605135,0.31171863110504006
0.8037573598891321,0.9744668960039631
0.870203984178777,0.6845885233324505
0.5241872051669738,0.501687179589021
0.8385341034450305,0.782557145873549
0.27790338584080926,0.17189987589296116
0.8582510967436616,0.9505230774048982
0.3818546491686646,0.20651903273430564
0.971937977147028,0.9278730544393057
0.3474835304143942,0.6917995931213672
0.9929727307167348,0.9911302200424903
0.5888273893038471,0.07771901814186469
0.3009467736589322,0.11017315486738942
0.35484676539322113,0.41667120048884304
0.0593484195588151,0.12893117331779347
0.9725781522568938,0.9451385099673238
0.4769433548175922,0.42508307891185354
0.2509873686541432,0.43661136599041045
0.35088533975605296,0.3094400197117134
0.9847054189493564,0.9720038236332439
0.4978595161494848,0.2076178135083098
0.05333358852280802,0.29270810476273945
0.7735784243005204,0.1784645511889267
0.7676524917116586,0.9804534800490557
0.8074000754016759,0.44404231723189924
0.20428142576124067,0.20605600595622223
0.13226901012819925,0.17314715313763596
0.27830759362617336,0.373782232183374
0.021759536233143563,0.6039682775969517
0.3646726231080061,0.09347958642738116
0.2645123147483228,0.49522832209153755
0.19636545233656902,0.13780445096466146
0.18227157331507446,0.3072918074773374
0.0253483896637709,0.012115541833247786
0.741395182382329,0.6602751179646831
0.8438793114713639,0.5791860899630725
0.9178436264700569,0.8961286812788296
0.3817456291058413,0.1900766066030599
0.09333268365670909,0.09429155341022562
0.16791120505853194,0.20145893047470764
0.2510059949962685,0.2999171959603312
0.06307652302251787,0.06776073057427547
0.26953580891017415,0.36258683485503784
0.542363429899636,0.6345647761728239
0.024026564101445925,0.0178639517327106
0.1872533318491402,0.5226439738038854
0.11179113405839414,0.11333006631277832
0.9544643344146432,0.9713965812166654
0.9173349372299896,0.9787273441624383
0.3732332307191579,0.5490780968232283
0.8613762487383734,0.5972397239722047
0.3553990243543754,0.3416335583662661
0.7438093317500354,0.7707138913270398
0.03019481631120377,0.05624738782236846
0.1192052494345486,0.25311360507033115
0.2306405451469351,0.20986381832479667
0.8590206976979087,0.8441282377480226
0.28478857850730577,0.08466279162860264
0.6438446606433541,0.47140683692763086
0.02080536452437702,0.06091201202461755
0.2580980871498652,0.3778201311283064
0.49151923546546006,0.5254297670936205
0.9404422119964214,0.6252157658969548
0.38524981533176733,0.4880057987482225
0.0899115003865604,0.3082267021745925
0.20820256398971115,0.10419498849601463
0.5479509497150155,0.645384959840209
0.008805166001566556,0.03833649553324206
0.14215998423367196,0.08987161049323113
0.6913214116210604,0.8337907713498361
0.8766974199345802,0.8419599470140118
0.376992511426618,0.6767648737786987
0.891172361840703,0.2796915424713632
0.4133765967549831,0.247621446786832
0.496709165914286,0.4750904312471878
0.4842821881482013,0.8130164185067971
0.9531594997731944,0.91475979971759
0.40268608056298305,0.310800558334448
0.8226747563419551,0.8895958645441366
0.13680915822655307,0.13046513838339713
0.8801165131066417,0.9300000572317957
0.8306270382511458,0.861017532114644
0.8895599770126489,0.6726580022456918
0.6436209641495259,0.6062286433096864
0.6250255584654945,0.7397913800329753
0.5439269727610009,0.8644354805482852
0.49272770193180015,0.29562617595473517
0.8007609439060485,0.5574012836458555
0.46553515038632737,0.40781716925237005
0.9442413394352713,0.9176651408055672
0.6372811969053165,0.9349348410350785
0.9989227091999525,0.9848013520569121
0.04706254913336487,0.2404263638488582
0.9120229879956121,0.7731124436840769
0.55988390726402,0.20302458370008308
0.9948996244012911,0.9920650795263272
0.046128802751322216,0.024983204084336626
0.32465560915165836,0.6113881775928539
0.06152141134094452,0.03577734058279108
0.34525116177207515,0.6619594645245163
0.800782740536606,0.9094289732351233
0.8200239071322623,0.836664373841135
0.6503677029019637,0.46953004288698985
0.8154116748742996,0.8616509572302198
0.29285722663765756,0.274473604935515
0.35904385055398963,0.5732419111203633
0.7388975064160836,0.8652552840462324
0.0038028475946738065,0.6432774864527322
0.6489004017688151,0.5567294847183878
0.18070696363768252,0.34299112269302984
0.6547954157142715,0.5883851805199031
0.4083174357669554,0.2022703849150444
0.7269468887178734,0.7600840363793361
0.27195636462584377,0.1736165569566533
0.9855532162811558,0.8787998302803253
0.8832645124710213,0.7096457883287048
0.7701620894908685,0.3563139685962732
0.7267023211403147,0.5999351979893986
0.4788971265547929,0.7951226128796407
0.26158914407672845,0.2652260283753579
0.6519985806466497,0.5743612285882098
0.35193781410524966,0.470054146882865
0.8450794817994715,0.8516274907011991
0.89620113977642,0.9108374849528645
0.31267151869046905,0.2612972993429115
0.09743535427406526,0.04128449831521024
0.44143704656324745,0.43376915497813884
0.5353566969705877,0.5141231690033199
0.34390932132614377,0.5798325319407528
0.11409584818608293,0.11385009404285472
0.3000569874652621,0.161404988109971
0.2830195224251134,0.11728731219880364
0.055945596042505916,0.40347890152507515
0.8154793348103526,0.2482729710600884
0.5336347022941315,0.8341120397665935
0.2604764917921001,0.32251826211183054
0.06683821553103224,0.13494873877579275
0.15769579461292907,0.2808739481093481
0.05210745883963279,0.07900668233079493
0.3174576686604352,0.27118853729239667
0.47789526211239763,0.9275913612289772
0.383916387253624,0.519855967416727
0.5407158226989549,0.3595294862490127
0.3501010013828021,0.6442958484082708
0.5318877732978998,0.15642414992704065
0.2504307161417149,0.8910138032232455
0.8880711370700629,0.2510382861648475
0.022657248385508602,0.04984688065628186
0.5887894091818722,0.47010922857570314
0.21272426021409294,0.1298338288820741
0.1449699643035289,0.22332391432916546
0.3847622267043773,0.42614798722818253
0.4264946562251073,0.6829804274269171
0.866642741948931,0.5808006574482028
0.20619790694836007,0.3546650057412248
0.317663762652876,0.40266561006865614
0.5066891234842217,0.6676170254341731
0.5725024350360279,0.45611433122929523
0.3628978030579177,0.7917855116267005
0.8921234563161189,0.9308079592662186
0.8571434155327099,0.846688677661997
0.8572826766739623,0.37188694557583113
0.38771219264245327,0.27150433229252224
0.9279616265465851,0.967023273696379
0.012708800904208629,0.11349652643763342
0.2801532039194607,0.297944641765333
0.10203065043497639,0.3138302234470184
0.32053023351294585,0.1933601146701939
0.35252722083160526,0.4852271573842919
0.8600461436130198,0.8997387417787838
0.0020332039273352593,0.004916227045338452
0.010422814736864523,0.014547957412382963
0.47756420656840115,0.5686148260854411
0.8497446198215175,0.6618489422975344
0.1639787379730402,0.33408593399064834
0.7256793879065346,0.8886934766127195
0.47772425783452616,0.614352593468517
0.10120711303708617,0.44336724936619043
0.2883856123317018,0.6594677974088723
0.31937280088231534,0.47424480953235293
0.50772549512342,0.9275633171327156
0.3048151417767324,0.4440167472558342
0.8688351429069295,0.7840698035149225
0.10002564833579439,0.13524716681943263
0.9855711784776053,0.9970758200248422
0.503943960031696,0.8084253328066446
0.5027939769508883,0.5431443796855909
0.19985798067189903,0.07881034059346109
0.7904245851621059,0.7586241840067688
0.3265137199304927,0.05428142896678438
0.8607223395003896,0.9316255735334016
0.7175020564608562,0.637859435080351
0.9401404790020983,0.8926170301240876
0.4269902335190468,0.5761783830913922
0.5354502332239452,0.7934309593143435
0.752643196432289,0.623915087544016
0.15115792907257525,0.17379302610393657
0.6962794658915693,0.6617849686499404
0.05843711264491354,0.23133344683117546
0.8062482571142453,0.7976812882020456
0.6529777197808697,0.2622528628075023
0.512842367541529,0.5138021149396726
0.2069993115834593,0.3589655211516207
0.6454025481268251,0.5898764700423108
0.34422651573105306,0.2176126652835766
0.33586232111827513,0.31803427976998133
0.8845479548386798,0.7199833767823729
0.053681735050745936,0.0434244836504438
0.03451566172966292,0.016381274804968426
0.26536679212553027,0.627783652335608
0.9896078655999305,0.7254616156167977
0.21589388525925257,0.11003675511895557
0.6574947042276784,0.36804302286315355
0.5344768113620022,0.2776127947191841
0.5043161810652086,0.6415660562998329
0.9564528442869201,0.8654348089247675
0.7451960474687696,0.44210734199659224
0.6963149787163738,0.7359829986651065
0.791806406513764,0.6888311805017526
0.5778942730510079,0.43355725407276546
0.1172392667537892,0.43802823667560886
0.6328626859543438,0.7766886261864918
0.5293565716019986,0.6071814927252523
0.024148968107613664,0.04893295628894119
0.9874286004290901,0.9938954141026521
0.23745363390159466,0.20847895107029957
0.3414901158979029,0.24640276563929525
0.8976032881629626,0.910905308402987
0.9996635075848276,0.9994588222939169
0.2937381260526066,0.04775184794263212
0.8661784311772145,0.7323749394641959
0.5527256057994253,0.48039559665863074
0.027471066128316006,0.1003412569415253
0.2893720335243397,0.3274204311885637
0.47672320908393057,0.2734538669693347
0.37624457204964684,0.18802744986137593
0.1796458985347274,0.38619097405305397
0.45472652504732636,0.4137361556083273
0.6711287007808115,0.17599753747203398
0.403370152739129,0.37281754317070115
0.448701920725763,0.5750559178285726
0.711669808186671,0.3459874811351218
0.5343972871816132,0.5494236868682908
0.42536847345417506,0.47698427605675725
0.27582053292730346,0.10114215003225463
0.27599113386546303,0.6115179709124637
0.9431166129419575,0.9533679275486783
0.6796615598218707,0.6136856942175859
0.833797878239203,0.8027493466185199
0.11956555353415017,0.03624444682749555
0.8824227394672114,0.6974905862570462
0.2351851990332807,0.19153540101148564
0.5539134375189938,0.46158538751827355
0.8146644652776415,0.7737865332764492
0.0007138122396671066,0.004598789644285071
0.719386322727138,0.8433520093103221
0.9372703414854795,0.5746199950221751
0.08765115690201768,0.27796813538808707
0.18483404339492504,0.1120137904008591
0.46420466617083,0.635446806463788
0.4062245147143061,0.3012418108173587
0.9556846009713772,0.9616709898206116
0.33140628140211814,0.1550094433718757
0.14609502980210215,0.23220823352489195
0.1725015978594384,0.3503790673813765
0.879383817248995,0.5327784338704584
0.5650036611642048,0.7577551488323316
0.6987973846890554,0.5730272625025968
0.6996854038676825,0.8570427027967888
0.16834648171903827,0.3159783595801223
0.1021249662681542,0.1989495771385198
0.6437964259093831,0.5874339185552773
0.2511442169514303,0.9353660275540232
0.3756529697038547,0.2745048489861408
0.42449082271165584,0.050217079334280164
0.052207252791810675,0.019730280045870213
0.23177625903875243,0.46696655501978085
0.3861303182117834,0.4048877849192981
0.5028854241323454,0.4911655076639359
0.742299719119587,0.6408529161105174
0.16294965082283022,0.1509330422023807
0.7349799184177797,0.6494225692708886
0.09591641971891506,0.19488207120392667
0.3778157663419153,0.3301968401741844
0.2861045566347793,0.09818319025820987
0.43613574397897203,0.8179263525759444
0.30304558074100085,0.11635147863945877
0.911717584968875,0.9280070708714816
0.2262916993126596,0.051926561170090355
0.6054493965251899,0.19623860830253345
0.7656672309000102,0.6823844939188226
0.7199327224023067,0.5827020791386083
0.5805349618399147,0.41361959509643464
0.9025250833888887,0.9627968174233811
0.20917815701716677,0.3674326732151427
0.9239403141133972,0.9460101220914712
0.39194553137967125,0.1661710082355626
0.5113906401296695,0.4825843266144022
0.06844239692406212,0.23808265502788648
0.6846304146018976,0.9374325136248672
0.7204642912121808,0.8996854861479278
0.2362779629439915,0.06970462661993014
0.39014445201622333,0.3713179648522733
0.2408440987793367,0.3018273461178669
0.17698349838269417,0.1874235484361416
0.32406322189434766,0.8487069794476265
0.04713489037380844,0.24823075195761335
0.8201561699103329,0.596501803013572
0.7819946518942833,0.6304719005046736
0.20657504529828552,0.379769065892346
0.32245635292996033,0.7917699500705868
0.12586884514707405,0.15436665772793864
0.5675869542680185,0.8418202643010511
0.5064155946919385,0.5515995701077858
0.7527800506869573,0.5017156970426091
0.9360949254203795,0.9737709098629631
0.39427506387237277,0.9006411873888376
0.8715349085725774,0.68146403619799
0.21182873121168508,0.520198208233481
0.38945492243196506,0.5603403714288931
0.9279480169693273,0.876315289023337
0.999252665609675,0.8688805323491697
0.7558735022222334,0.1842847153485677
0.8057452435659157,0.7404775764518519
0.7327755209047735,0.8092144221000783
0.3317106007171531,0.5085696144332461
0.1337281506859584,0.3738365543817147
0.47177198802218073,0.5291885463787733
0.24688441217137796,0.28784740624283844
0.6628195377039378,0.5871163958407046
0.7708656088777875,0.8564586556970548
0.6152842703041264,0.4469338805087121
0.8784255423898404,0.5913581951143089
0.18437649179123716,0.19766146000200407
0.7212730377028658,0.8771412868578494
0.7871924459419937,0.5091046765094055
0.26060020299816733,0.1749999563485558
0.676207234036327,0.688747146569573
0.10534284679128515,0.10791461593996682
0.8811659192245644,0.941617833022017
0.37738090805984986,0.9289709469066988
0.7298852145304155,0.27063144169034037
0.09666731470487691,0.6866155567635492
0.05190774143243204,0.23641628653084965
0.7657869609229009,0.9127798141770542
0.6684242808151588,0.7080895717205398
0.7896430937289065,0.7113563133348497
0.8909477890671993,0.9958970862376344
0.14416547902668403,0.2013897395990478
0.9263076075403447,0.8951306547670852
0.6598222267447691,0.843605960495379
0.07670532261719887,0.2216355942857566
0.9825029085684575,0.3372556709183263
0.7446263390218366,0.878594087122797
0.748447226717333,0.5471502577094511
0.06694288047509109,0.1853640020727833
0.5272936943854538,0.4572824602448473
0.5311176087326636,0.641867977259055
0.05485246435009437,0.08625689562862167
0.2026213603696227,0.416523418438769
0.7048048021038031,0.8058043794579114
0.8844464001077491,0.2527369254196077
0.9954307956182399,0.9823725128936129
0.26029023355853614,0.2912435864542041
0.1765003464970328,0.7167365948304303
0.8956023322407073,0.8924400982851011
0.4862611229540722,0.23407409683124844
0.8154594682722376,0.1639257221994085
0.0734355618105911,0.027901686574090288
0.030012850626499225,0.028946830577040866
0.23295681681403288,0.22466962164125032
0.5665140357142677,0.4496509391600792
0.4150940218208437,0.5002748435060381
0.8622158401945468,0.8362699593412235
0.38741520658714323,0.9284795993057127
0.14920109943770563,0.9128066288017771
0.5239648271834965,0.5713853645537972
0.9385006452511762,0.8945007381858326
0.257456811707086,0.6246108593934818
0.30812755203684894,0.5809361545747371
0.2437272693948133,0.49383798870325124
0.27590265864329255,0.7500784294027164
0.7891534545358965,0.583420388824191
0.6029703783719318,0.9285097862245242
0.3463477749275898,0.2963387184170976
0.059228911162205806,0.13576711168781225
0.02990990925327026,0.003288785892971315
0.7099322860725776,0.5462911232543616
0.8805306079841605,0.9500346928597474
0.4964062721708487,0.7172803786081976
0.037148286281955704,0.026622430743323357
0.6132287882089793,0.6388182927326476
0.17118029374138496,0.08223716085341318
0.5896100202132712,0.8307046117025131
0.6688942433048232,0.11603998455214387
0.6482545995444255,0.8383313658789627
0.46680236358162763,0.3103815770278374
0.5696730058631954,0.573814762996031
0.404514749395623,0.1072031570357372
0.6596794279363634,0.6996417673858413
0.4733753541976038,0.5720913011812033
0.8028800608474747,0.8509550493216141
0.13018621705602726,0.20383006807892162
0.4380595965466479,0.39562166614193794
0.8498481889273167,0.8357171813502778
0.05117890545851807,0.0424264419161082
0.7600092905113686,0.6807020515579145
0.46398446475683686,0.3058736861335742
0.23508818675072632,0.3774637729691216
0.013799144556259163,0.24075475652918557
0.14588957156557944,0.028354382334189084
0.7541749234088924,0.7413283643265134
0.7667409159827395,0.5074762318808919
0.7158034207606948,0.5967997503980458
0.795137717649983,0.7213766322751876
0.029703971590780788,0.04274220289489832
0.014606089353010545,0.017442716835443895
0.6127937913240972,0.6139679519618239
0.3731584147311972,0.4715189670955503
0.13023160221112728,0.07224083211312159
0.24666347651509324,0.2826745479415547
0.8485622287015058,0.9220178321005117
0.196731199829117,0.08835974720544977
0.715960507682933,0.2891302637847175
0.8303018029886281,0.9504255603409907
0.7829327826763058,0.5176431613015023
0.4870384111708481,0.3364321538126082
0.5386005301946971,0.6463415159706285
0.8870513314933618,0.7574825153671775
0.12932239466765658,0.6868514842337035
0.15219393524717217,0.07255072475188162
0.2574111808357471,0.11804873234514456
0.16916417923560906,0.07444034339898149
0.19192535505878597,0.1114749489534521
0.05056807894358048,0.08457144418138605
0.7726518510443793,0.6960808689544968
0.2537395907874138,0.4125913062083978
0.5162750057035586,0.5264307292925949
0.20185290768379002,0.23010350214170214
0.9329782450379248,0.8396966199925977
0.00463565332549093,0.8783485601616704
0.12082235752926296,0.2000998803178213
0.2761563975231668,0.4978877723919587
0.751652042462216,0.717499248358733
0.9045082962617943,0.6514745406758979
0.2879631199616892,0.35607258491293897
0.32395801407475844,0.40199376853961777
0.3335902521419089,0.4874446468354965
0.47255213162018245,0.5480819483494093
0.7286538055326119,0.8101064067132853
0.31342719573947947,0.15186200855335316
0.5566376762449767,0.41189678592842993
0.7386311114139603,0.5280526802460724
0.14523863069044743,0.28357364518753514
0.11753271717803515,0.5816562853945735
0.24199737057357748,0.8302099475572092
0.5593963228833387,0.6428855607671304
0.5931559084358088,0.6871663119974584
0.21365960805242654,0.19123547024359117
0.04232236271697957,0.05510974426647043
0.52607722146953,0.29234203417885973
0.3026775241260645,0.25691117864180757
0.7330872153570434,0.5878146368671521
0.015884624415476188,0.01225224767158858
0.8738844760008779,0.7948109015656406
0.4194756893560888,0.632144676741479
0.1973175829967362,0.37224963970121705
0.7631575132785666,0.8506617900162096
0.92395834779499,0.8134269157588638
0.934324154123222,0.7187395532268084
0.06394461692474263,0.15913237674129216
0.0992538134109371,0.10505285910525526
0.4578355924628547,0.10706600832997486
0.2393834987326622,0.2706452550046308
0.2800866849528785,0.35570534650220986
0.9867565374902687,0.7821365258584194
0.6953744346715041,0.8205627252906812
0.42575407124437376,0.11550851147352854
0.7785721375170974,0.6711366636876064
0.8044292973699338,0.4364635669554544
0.9305265606290478,0.845019888122851
0.7197223157439375,0.19927670308311007
0.36063844220387703,0.738442272651914
0.9713368306539439,0.9595047961624665
0.22002310093984617,0.152336995530209
0.5336718174823405,0.7325842189802041
0.4451832136611117,0.8073185038851932
0.3802141233511001,0.28736834950647033
0.22344769228769595,0.32142260212530815
0.1808924900452963,0.09537351648042189
0.49343354659637206,0.476541865285969
0.43054090763215147,0.2774177699162802
0.23085823373497733,0.2992189717459578
0.6905729362946577,0.8373567500898976
0.05369945849004709,0.1112572526127777
0.08801957250930265,0.0962488867058927
0.9778040546948981,0.8381489098166333
0.4841083152115597,0.2788123847343481
0.9842074819976611,0.9812040073802166
0.4720643753807997,0.1312062209405839
0.47010025357113183,0.7328656160212503
0.6780136430656587,0.8007125052369277
0.5553004990618609,0.6339741883853995
0.12658126852474536,0.23888555222685534
0.2415594043011547,0.04259611207611421
0.26757392313757866,0.14092162629366972
0.4223398769540463,0.4644732596145355
0.3576791097865506,0.41514597624894456
0.9142785653121502,0.6454493961381309
0.10366960517165716,0.1362745889254951
0.06943431151454094,0.0649039280966332
0.8803420434981731,0.9637781342937296
0.6096127941523347,0.7149594382246973
0.5115775274561345,0.8903653680389318
0.7726249380338827,0.7141103631385304
0.6265785758934173,0.2928802296762322
0.20008949390389574,0.601592073871398
0.7209040308570664,0.8533674361175724
0.9924478502043065,0.9921353243547085
0.7777712776809018,0.5022587461272879
0.05815159487970303,0.03142858607631259
0.6337634993798067,0.5151370577482082
0.9961038219579261,0.979292816776773
0.42764274545550063,0.04864490860557696
0.7894716726725682,0.7090066839051425
0.12116943498514993,0.19339774571030569
0.5336979505916257,0.8935587520447386
0.6287057032167247,0.8354396413747762
0.8570188059714361,0.9607973190204443
0.901541620192661,0.513069619779288
0.5277316541293128,0.5786436376314061
0.6007173804184918,0.7314836580150239
0.6112058686966393,0.7417444236944775
0.402690412362949,0.39235759644192714
0.6629675056797255,0.7061472980032899
0.04158212922563129,0.6365521649462414
0.06687994044306894,0.234894744132512
0.0013062548233734516,0.002254958593326634
0.30851592508762543,0.4411794114870551
0.7343835464674413,0.6745753038562019
0.5941767020785738,0.747950345961437
0.5369938971536928,0.5682654603356689
0.17167238917419575,0.29845469360377336
0.5943650887359602,0.47905315427111544
0.22324905117227123,0.3230512482457733
0.9937745688654808,0.9891623331456183
0.2970551268690967,0.5599422658215331
0.17874911191620607,0.2300389482426532
0.23269886976048482,0.24985963385602755
0.7824776221518918,0.7223777048040636
0.49804149931789177,0.48938733996200223
0.9333043720737703,0.9063292222586866
0.5141585446746199,0.45405236619421857
0.5235679718072924,0.6560633407775687
0.9980387365708133,0.8881841202146086
0.5257723778881618,0.7479894234056914
0.06718977376776124,0.13267602065152406
0.8468403211139139,0.820733961129115
0.407019860457134,0.44506064015828994
0.4245044305922695,0.20069118144490722
0.39409241572825854,0.5449188951303507
0.30869758224649546,0.1507680945309243
0.9814440579305386,0.11114414707604006
0.8192516865920334,0.6871507940399484
0.7318858566088606,0.7565825644815023
0.8016492039647338,0.22677096877384514
0.5452102451025785,0.3184179627015127
0.49842397461431776,0.07822310052374237
0.5213595601504821,0.4619911053307855
0.36361986702196775,0.3990107957573168
0.7562625076686442,0.3913853376885015
0.8933633781913506,0.8303335239522218
0.5665114679967653,0.4380728096644546
0.3220341172876107,0.2604135587295811
0.8429323952919652,0.7951669546377026
0.3032696951864301,0.4384666617302641
0.016709641500091122,0.006237921116338876
0.46857214631046407,0.5836953416540691
0.5716481947312362,0.44401438572282237
0.9009245995763085,0.8498854277958113
0.9668482919795123,0.7045289966078112
0.897164438333465,0.6774613568464094
0.23661910818210646,0.37324289133660304
0.8529019900347451,0.8052897579622845
0.8284279240945409,0.7844362642854306
0.21107408926938642,0.4589928137852426
0.603742984553188,0.8123534904625924
0.9074492089476519,0.7722369646137419
0.17792923337249136,0.477073254767625
0.2990031805332517,0.28783309458986905
0.9720983203773115,0.8583342577914146
0.5018508494265032,0.4132981260544835
0.7940021431771198,0.803756672242199
0.33485856358350263,0.5869426803151431
0.33146439875347733,0.5944602590304652
0.5124584609509665,0.4819331793027424
0.15067824989162143,0.03180114335991037
0.019893385818366933,0.027354669320305162
0.31234319491806817,0.4378667976866908
0.07334531590741154,0.13411265640855913
0.8233448078269621,0.9508702731316717
0.5683586831517149,0.5863960722945873
0.8426012936101326,0.9063487953075061
0.7524102986886392,0.7767435597097343
0.3900120442588555,0.7348872828012925
0.04569790451938919,0.04787401846070575
0.5285566524696641,0.42439714558239006
0.20867932606391076,0.15938582124535877
0.5183839816215934,0.7511564515453921
0.6670329732197068,0.6590608044467603
0.8306556025381187,0.9010604422254102
0.020416075119488605,0.046858714544594074
0.0708795363476651,0.02097831476036383
0.565588182922163,0.21386394924880092
0.48339419749499835,0.6326410514353683
0.668319248554027,0.2631545952756144
0.8931044584899952,0.7175979861616222
0.17904144440991143,0.5858273135278154
0.27666784274894457,0.04863445268016321
0.029999370102226613,0.1023409722994721
0.876847713774623,0.8454825811759665
0.12639501557806862,0.20942181108843277
0.9238900344503385,0.9695114740790436
0.9755701597349767,0.9689509303040307
0.04365302694018056,0.0450994645557456
0.5707351879628493,0.8086531499551122
0.10798314861337896,0.3312137372862527
0.12235526266950483,0.3258526850628103
0.20659762148209132,0.2640227678751226
0.49997838256431093,0.434673595349405
0.8794658660554174,0.7482776580865407
0.5546596305142355,0.6055335216675767
0.1737258857853238,0.168929560059473
0.06419389822608194,0.23807876394949373
0.5019415404227928,0.6197134510707527
0.4052874962612302,0.7524462773941958
0.42167809725385247,0.14070502712117663
0.15528911389789424,0.7315045111670353
0.5147355334484206,0.837856400822176
0.44929621357470106,0.2274297744295445
0.504912304583425,0.2030331485092955
0.5992096613416504,0.8653093589833077
0.39231376093130554,0.2991848871195863
0.3387981658314049,0.3230309204437851
0.39126500589981583,0.5985231294514641
0.8035565750341525,0.81272640195749
0.8853834286051487,0.3426917459687552
0.5870494631851123,0.8320535844259059
0.5504838764516728,0.1746882086347023
0.8880336440939096,0.8769579133960194
0.136384209456711,0.11771901962124819
0.13453897366499687,0.17863220664924567
0.509973611028029,0.23207127001700564
0.2567940516533027,0.1995386572715689
0.2595529645528955,0.10228928002165925
0.373771728968702,0.48152396452898344
0.500408019324646,0.5818258450436855
0.7135920359124824,0.5097140122558977
0.05213459881203406,0.14216905535896018
0.6680876548846442,0.7761237910651066
0.7601068791960122,0.5715975579104942
0.393342545044147,0.13790008756890393
0.15064860636987323,0.10792321097939664
0.5191755558794425,0.6205368771964084
0.407025600596817,0.22455395731089134
0.22147793563983478,0.24653084526346059
0.8741130658377607,0.8525749630317243
0.02664901391012046,0.19589006323683256
0.3949125415686473,0.1382694779263997
0.19190472555403496,0.4247889423790512
0.1863781373758785,0.3488314140338239
0.36238160511250944,0.3415009297724598
0.7780328620274991,0.47449107559157694
0.35687743541360917,0.4042982962693904
0.4795644709699804,0.1661477423278027
0.09530762110791408,0.5522350337362303
0.47680259460711216,0.45733923538743354
0.0766828730341806,0.7467875171387166
0.7523474452644752,0.7839470132778812
0.7340265489776432,0.6457389221185574
0.30557757515164496,0.7305298725533675
0.1101352310178994,0.1491664274478645
0.39201843478937926,0.7354668597063241
0.6371918688499505,0.5463926350575388
0.7814618343694333,0.9097755629240522
0.018877239535277375,0.4679244275790436
0.8681675723528938,0.9832418219240223
0.38653053995359943,0.5717085035838498
0.8353920943460914,0.9591216965475575
0.06944045377881294,0.06371199216076541
0.3509571299087252,0.16843132511493605
0.71949036396599,0.6240166899849529
0.9138704760798436,0.9637394874423238
0.2012915096710034,0.1053106949757442
0.36253281906215473,0.265568260966637
0.4603374258379987,0.27359931647291
0.6456662652834091,0.8271055498630923
0.22699120956295848,0.8093953702075092
0.579110458383161,0.3973255745260923
0.10557358109362928,0.18873991339202834
0.1777691832013852,0.40970398251891915
0.7044637501709519,0.6792289220531136
0.6955309326660786,0.40217893210939254
0.37509370231316563,0.8342076591185072
0.6316268391566819,0.18603419299518567
0.9570123550952896,0.9979821703612303
0.635918519040455,0.4361860684877453
0.8439601240956476,0.35881818073001503
0.09739580915914958,0.062227642550550334
0.10022235748907926,0.10568225887017446
0.1055146205813156,0.13294805809326485
0.14813770618854935,0.2862244690573127
0.23345045338938383,0.31478225032342066
0.3411030650403503,0.7823181948047607
0.7966213464738434,0.7974021499518952
0.45212607486934414,0.5393601841880236
0.6156550128204876,0.6962536847038497
0.6776198975809729,0.39756673042754265
0.7052920451118125,0.28628284292119677
0.939121019657878,0.9474103894410688
0.21628616800896505,0.3669404330646868
0.5566257605754668,0.14147451574019534
0.7897500208004433,0.9848301918798453
0.8897721116023845,0.9599040480170752
0.7888858116833498,0.8079736048588567
0.7431567477939123,0.8909497942627952
0.5129479333410001,0.37966396011765446
0.793523405241793,0.8357735045101652
0.9432886031829395,0.9728908443706941
0.008262928779763574,0.03111620760292437
0.31882556288248887,0.3035897583727666
0.9191802849395426,0.8116860743549881
0.23484209714768917,0.13255062205005005
0.9570150548060578,0.9327540243066864
0.9000336623056606,0.7066222908968154
0.6020645440011136,0.42408336592114515
0.8600072079677455,0.6880771601288329
0.26456140512883974,0.19335473910392104
0.48726060940694416,0.6087992756204502
0.5644975137266345,0.5097540595514646
0.25071090816555563,0.4176280396870051
0.5681547239843727,0.6027845536784999
0.9566355823124914,0.7902457351858203
0.2188590719361691,0.3058381023509765
0.25891047462306693,0.34154590080197955
0.382401662645849,0.5832275316907826
0.11662146258339634,0.27903823259213684
0.29590521949641724,0.7818544224432209
0.20023779075775067,0.5074333551254837
0.34088442486073456,0.4176471143820398
0.6644761958896352,0.8086220512164927
0.025696001589654374,0.01867961225594548
0.5466361781430515,0.3869811901244714
0.47510740281578784,0.7551722805635432
0.8701875248515908,0.7530495155095356
0.9990677416499448,0.9955918651619255
